id,user_id,user_role,log_type,page,details,metadata,device_info,duration_ms,created_at
6805,,staff,button_click,day_view,Clicked: new_order_mobile,,"Platform: iPhone, Screen: 320x693@3, UA: Mozilla/5.0 (iPhone; CPU iPhone OS 18_7_8 like Mac OS X) AppleWebKit/605.1.15 (KHTML, like Gecko) Cr",,2026-07-18T12:21:24.043Z
7456,,admin,login,login,User logged in,"{""sessionId"":""s-1784489027801-6j5z6"",""url"":""https://nice-bay-0191cb900.7.azurestaticapps.net/login?redirect=%2Fday%2F2026-07-20"",""device"":""Platform: MacIntel, Screen: 1512x982@2, UA: Mozilla/5.0 (Macintosh; Intel Mac OS X 10_15_7) AppleWebKit/537.36 (KHTML, like Gecko) Chrome/150.0."",""role"":""admin"",""displayName"":""Owner""}","Platform: MacIntel, Screen: 1512x982@2, UA: Mozilla/5.0 (Macintosh; Intel Mac OS X 10_15_7) AppleWebKit/537.36 (KHTML, like Gecko) Chrome/150.0.",,2026-07-19T19:26:35.387Z
7457,,admin,logout,logout,User logged out,"{""url"":""https://nice-bay-0191cb900.7.azurestaticapps.net/day/2026-07-20"",""device"":""Platform: MacIntel, Screen: 1728x1117@2, UA: Mozilla/5.0 (Macintosh; Intel Mac OS X 10_15_7) AppleWebKit/537.36 (KHTML, like Gecko) Chrome/150.0."",""role"":""admin"",""displayName"":""Owner""}","Platform: MacIntel, Screen: 1728x1117@2, UA: Mozilla/5.0 (Macintosh; Intel Mac OS X 10_15_7) AppleWebKit/537.36 (KHTML, like Gecko) Chrome/150.0.",,2026-07-20T06:50:11.190Z
7458,,admin,logout,logout,User logged out,"{""url"":""https://nice-bay-0191cb900.7.azurestaticapps.net/day/2026-07-20"",""device"":""Platform: MacIntel, Screen: 1728x1117@2, UA: Mozilla/5.0 (Macintosh; Intel Mac OS X 10_15_7) AppleWebKit/537.36 (KHTML, like Gecko) Chrome/150.0."",""role"":""admin"",""displayName"":""Owner""}","Platform: MacIntel, Screen: 1728x1117@2, UA: Mozilla/5.0 (Macintosh; Intel Mac OS X 10_15_7) AppleWebKit/537.36 (KHTML, like Gecko) Chrome/150.0.",,2026-07-20T06:50:11.570Z
7459,,admin,logout,logout,User logged out,"{""url"":""https://nice-bay-0191cb900.7.azurestaticapps.net/day/2026-07-20"",""device"":""Platform: MacIntel, Screen: 1728x1117@2, UA: Mozilla/5.0 (Macintosh; Intel Mac OS X 10_15_7) AppleWebKit/537.36 (KHTML, like Gecko) Chrome/150.0."",""role"":""admin"",""displayName"":""Owner""}","Platform: MacIntel, Screen: 1728x1117@2, UA: Mozilla/5.0 (Macintosh; Intel Mac OS X 10_15_7) AppleWebKit/537.36 (KHTML, like Gecko) Chrome/150.0.",,2026-07-20T06:50:11.607Z
7460,,admin,logout,logout,User logged out,"{""url"":""https://nice-bay-0191cb900.7.azurestaticapps.net/day/2026-07-20"",""device"":""Platform: MacIntel, Screen: 1728x1117@2, UA: Mozilla/5.0 (Macintosh; Intel Mac OS X 10_15_7) AppleWebKit/537.36 (KHTML, like Gecko) Chrome/150.0."",""role"":""admin"",""displayName"":""Owner""}","Platform: MacIntel, Screen: 1728x1117@2, UA: Mozilla/5.0 (Macintosh; Intel Mac OS X 10_15_7) AppleWebKit/537.36 (KHTML, like Gecko) Chrome/150.0.",,2026-07-20T06:50:11.663Z
7461,,admin,logout,logout,User logged out,"{""url"":""https://nice-bay-0191cb900.7.azurestaticapps.net/day/2026-07-20"",""device"":""Platform: MacIntel, Screen: 1728x1117@2, UA: Mozilla/5.0 (Macintosh; Intel Mac OS X 10_15_7) AppleWebKit/537.36 (KHTML, like Gecko) Chrome/150.0."",""role"":""admin"",""displayName"":""Owner""}","Platform: MacIntel, Screen: 1728x1117@2, UA: Mozilla/5.0 (Macintosh; Intel Mac OS X 10_15_7) AppleWebKit/537.36 (KHTML, like Gecko) Chrome/150.0.",,2026-07-20T06:50:11.997Z
7462,,admin,logout,logout,User logged out,"{""url"":""https://nice-bay-0191cb900.7.azurestaticapps.net/day/2026-07-20"",""device"":""Platform: MacIntel, Screen: 1728x1117@2, UA: Mozilla/5.0 (Macintosh; Intel Mac OS X 10_15_7) AppleWebKit/537.36 (KHTML, like Gecko) Chrome/150.0."",""role"":""admin"",""displayName"":""Owner""}","Platform: MacIntel, Screen: 1728x1117@2, UA: Mozilla/5.0 (Macintosh; Intel Mac OS X 10_15_7) AppleWebKit/537.36 (KHTML, like Gecko) Chrome/150.0.",,2026-07-20T06:50:12.020Z
7463,,admin,logout,logout,User logged out,"{""url"":""https://nice-bay-0191cb900.7.azurestaticapps.net/day/2026-07-20"",""device"":""Platform: MacIntel, Screen: 1728x1117@2, UA: Mozilla/5.0 (Macintosh; Intel Mac OS X 10_15_7) AppleWebKit/537.36 (KHTML, like Gecko) Chrome/150.0."",""role"":""admin"",""displayName"":""Owner""}","Platform: MacIntel, Screen: 1728x1117@2, UA: Mozilla/5.0 (Macintosh; Intel Mac OS X 10_15_7) AppleWebKit/537.36 (KHTML, like Gecko) Chrome/150.0.",,2026-07-20T06:50:12.093Z
7464,,admin,logout,logout,User logged out,"{""url"":""https://nice-bay-0191cb900.7.azurestaticapps.net/day/2026-07-20"",""device"":""Platform: MacIntel, Screen: 1728x1117@2, UA: Mozilla/5.0 (Macintosh; Intel Mac OS X 10_15_7) AppleWebKit/537.36 (KHTML, like Gecko) Chrome/150.0."",""role"":""admin"",""displayName"":""Owner""}","Platform: MacIntel, Screen: 1728x1117@2, UA: Mozilla/5.0 (Macintosh; Intel Mac OS X 10_15_7) AppleWebKit/537.36 (KHTML, like Gecko) Chrome/150.0.",,2026-07-20T06:50:12.107Z
7465,,admin,logout,logout,User logged out,"{""url"":""https://nice-bay-0191cb900.7.azurestaticapps.net/day/2026-07-20"",""device"":""Platform: MacIntel, Screen: 1728x1117@2, UA: Mozilla/5.0 (Macintosh; Intel Mac OS X 10_15_7) AppleWebKit/537.36 (KHTML, like Gecko) Chrome/150.0."",""role"":""admin"",""displayName"":""Owner""}","Platform: MacIntel, Screen: 1728x1117@2, UA: Mozilla/5.0 (Macintosh; Intel Mac OS X 10_15_7) AppleWebKit/537.36 (KHTML, like Gecko) Chrome/150.0.",,2026-07-20T06:50:12.190Z
7466,,admin,logout,logout,User logged out,"{""url"":""https://nice-bay-0191cb900.7.azurestaticapps.net/day/2026-07-20"",""device"":""Platform: MacIntel, Screen: 1728x1117@2, UA: Mozilla/5.0 (Macintosh; Intel Mac OS X 10_15_7) AppleWebKit/537.36 (KHTML, like Gecko) Chrome/150.0."",""role"":""admin"",""displayName"":""Owner""}","Platform: MacIntel, Screen: 1728x1117@2, UA: Mozilla/5.0 (Macintosh; Intel Mac OS X 10_15_7) AppleWebKit/537.36 (KHTML, like Gecko) Chrome/150.0.",,2026-07-20T06:50:12.193Z
7467,,admin,logout,logout,User logged out,"{""url"":""https://nice-bay-0191cb900.7.azurestaticapps.net/day/2026-07-20"",""device"":""Platform: MacIntel, Screen: 1728x1117@2, UA: Mozilla/5.0 (Macintosh; Intel Mac OS X 10_15_7) AppleWebKit/537.36 (KHTML, like Gecko) Chrome/150.0."",""role"":""admin"",""displayName"":""Owner""}","Platform: MacIntel, Screen: 1728x1117@2, UA: Mozilla/5.0 (Macintosh; Intel Mac OS X 10_15_7) AppleWebKit/537.36 (KHTML, like Gecko) Chrome/150.0.",,2026-07-20T06:50:12.230Z
7468,,admin,logout,logout,User logged out,"{""url"":""https://nice-bay-0191cb900.7.azurestaticapps.net/day/2026-07-20"",""device"":""Platform: MacIntel, Screen: 1728x1117@2, UA: Mozilla/5.0 (Macintosh; Intel Mac OS X 10_15_7) AppleWebKit/537.36 (KHTML, like Gecko) Chrome/150.0."",""role"":""admin"",""displayName"":""Owner""}","Platform: MacIntel, Screen: 1728x1117@2, UA: Mozilla/5.0 (Macintosh; Intel Mac OS X 10_15_7) AppleWebKit/537.36 (KHTML, like Gecko) Chrome/150.0.",,2026-07-20T06:50:12.280Z
7469,,admin,logout,logout,User logged out,"{""url"":""https://nice-bay-0191cb900.7.azurestaticapps.net/day/2026-07-20"",""device"":""Platform: MacIntel, Screen: 1728x1117@2, UA: Mozilla/5.0 (Macintosh; Intel Mac OS X 10_15_7) AppleWebKit/537.36 (KHTML, like Gecko) Chrome/150.0."",""role"":""admin"",""displayName"":""Owner""}","Platform: MacIntel, Screen: 1728x1117@2, UA: Mozilla/5.0 (Macintosh; Intel Mac OS X 10_15_7) AppleWebKit/537.36 (KHTML, like Gecko) Chrome/150.0.",,2026-07-20T06:50:12.317Z
7470,,admin,logout,logout,User logged out,"{""url"":""https://nice-bay-0191cb900.7.azurestaticapps.net/day/2026-07-20"",""device"":""Platform: MacIntel, Screen: 1728x1117@2, UA: Mozilla/5.0 (Macintosh; Intel Mac OS X 10_15_7) AppleWebKit/537.36 (KHTML, like Gecko) Chrome/150.0."",""role"":""admin"",""displayName"":""Owner""}","Platform: MacIntel, Screen: 1728x1117@2, UA: Mozilla/5.0 (Macintosh; Intel Mac OS X 10_15_7) AppleWebKit/537.36 (KHTML, like Gecko) Chrome/150.0.",,2026-07-20T06:50:12.367Z
7471,,admin,logout,logout,User logged out,"{""url"":""https://nice-bay-0191cb900.7.azurestaticapps.net/day/2026-07-20"",""device"":""Platform: MacIntel, Screen: 1728x1117@2, UA: Mozilla/5.0 (Macintosh; Intel Mac OS X 10_15_7) AppleWebKit/537.36 (KHTML, like Gecko) Chrome/150.0."",""role"":""admin"",""displayName"":""Owner""}","Platform: MacIntel, Screen: 1728x1117@2, UA: Mozilla/5.0 (Macintosh; Intel Mac OS X 10_15_7) AppleWebKit/537.36 (KHTML, like Gecko) Chrome/150.0.",,2026-07-20T06:50:12.400Z
7472,,admin,logout,logout,User logged out,"{""url"":""https://nice-bay-0191cb900.7.azurestaticapps.net/day/2026-07-20"",""device"":""Platform: MacIntel, Screen: 1728x1117@2, UA: Mozilla/5.0 (Macintosh; Intel Mac OS X 10_15_7) AppleWebKit/537.36 (KHTML, like Gecko) Chrome/150.0."",""role"":""admin"",""displayName"":""Owner""}","Platform: MacIntel, Screen: 1728x1117@2, UA: Mozilla/5.0 (Macintosh; Intel Mac OS X 10_15_7) AppleWebKit/537.36 (KHTML, like Gecko) Chrome/150.0.",,2026-07-20T06:50:12.483Z
7473,,admin,logout,logout,User logged out,"{""url"":""https://nice-bay-0191cb900.7.azurestaticapps.net/day/2026-07-20"",""device"":""Platform: MacIntel, Screen: 1728x1117@2, UA: Mozilla/5.0 (Macintosh; Intel Mac OS X 10_15_7) AppleWebKit/537.36 (KHTML, like Gecko) Chrome/150.0."",""role"":""admin"",""displayName"":""Owner""}","Platform: MacIntel, Screen: 1728x1117@2, UA: Mozilla/5.0 (Macintosh; Intel Mac OS X 10_15_7) AppleWebKit/537.36 (KHTML, like Gecko) Chrome/150.0.",,2026-07-20T06:50:12.567Z
7474,,admin,logout,logout,User logged out,"{""url"":""https://nice-bay-0191cb900.7.azurestaticapps.net/day/2026-07-20"",""device"":""Platform: MacIntel, Screen: 1728x1117@2, UA: Mozilla/5.0 (Macintosh; Intel Mac OS X 10_15_7) AppleWebKit/537.36 (KHTML, like Gecko) Chrome/150.0."",""role"":""admin"",""displayName"":""Owner""}","Platform: MacIntel, Screen: 1728x1117@2, UA: Mozilla/5.0 (Macintosh; Intel Mac OS X 10_15_7) AppleWebKit/537.36 (KHTML, like Gecko) Chrome/150.0.",,2026-07-20T06:50:12.650Z
7475,,admin,logout,logout,User logged out,"{""url"":""https://nice-bay-0191cb900.7.azurestaticapps.net/day/2026-07-20"",""device"":""Platform: MacIntel, Screen: 1728x1117@2, UA: Mozilla/5.0 (Macintosh; Intel Mac OS X 10_15_7) AppleWebKit/537.36 (KHTML, like Gecko) Chrome/150.0."",""role"":""admin"",""displayName"":""Owner""}","Platform: MacIntel, Screen: 1728x1117@2, UA: Mozilla/5.0 (Macintosh; Intel Mac OS X 10_15_7) AppleWebKit/537.36 (KHTML, like Gecko) Chrome/150.0.",,2026-07-20T06:50:15.283Z
7476,,admin,logout,logout,User logged out,"{""url"":""https://nice-bay-0191cb900.7.azurestaticapps.net/day/2026-07-20"",""device"":""Platform: MacIntel, Screen: 1728x1117@2, UA: Mozilla/5.0 (Macintosh; Intel Mac OS X 10_15_7) AppleWebKit/537.36 (KHTML, like Gecko) Chrome/150.0."",""role"":""admin"",""displayName"":""Owner""}","Platform: MacIntel, Screen: 1728x1117@2, UA: Mozilla/5.0 (Macintosh; Intel Mac OS X 10_15_7) AppleWebKit/537.36 (KHTML, like Gecko) Chrome/150.0.",,2026-07-20T06:50:15.367Z
7477,,admin,logout,logout,User logged out,"{""url"":""https://nice-bay-0191cb900.7.azurestaticapps.net/day/2026-07-20"",""device"":""Platform: MacIntel, Screen: 1728x1117@2, UA: Mozilla/5.0 (Macintosh; Intel Mac OS X 10_15_7) AppleWebKit/537.36 (KHTML, like Gecko) Chrome/150.0."",""role"":""admin"",""displayName"":""Owner""}","Platform: MacIntel, Screen: 1728x1117@2, UA: Mozilla/5.0 (Macintosh; Intel Mac OS X 10_15_7) AppleWebKit/537.36 (KHTML, like Gecko) Chrome/150.0.",,2026-07-20T06:50:15.450Z
7478,,admin,logout,logout,User logged out,"{""url"":""https://nice-bay-0191cb900.7.azurestaticapps.net/day/2026-07-20"",""device"":""Platform: MacIntel, Screen: 1728x1117@2, UA: Mozilla/5.0 (Macintosh; Intel Mac OS X 10_15_7) AppleWebKit/537.36 (KHTML, like Gecko) Chrome/150.0."",""role"":""admin"",""displayName"":""Owner""}","Platform: MacIntel, Screen: 1728x1117@2, UA: Mozilla/5.0 (Macintosh; Intel Mac OS X 10_15_7) AppleWebKit/537.36 (KHTML, like Gecko) Chrome/150.0.",,2026-07-20T06:50:15.470Z
7479,,admin,logout,logout,User logged out,"{""url"":""https://nice-bay-0191cb900.7.azurestaticapps.net/day/2026-07-20"",""device"":""Platform: MacIntel, Screen: 1728x1117@2, UA: Mozilla/5.0 (Macintosh; Intel Mac OS X 10_15_7) AppleWebKit/537.36 (KHTML, like Gecko) Chrome/150.0."",""role"":""admin"",""displayName"":""Owner""}","Platform: MacIntel, Screen: 1728x1117@2, UA: Mozilla/5.0 (Macintosh; Intel Mac OS X 10_15_7) AppleWebKit/537.36 (KHTML, like Gecko) Chrome/150.0.",,2026-07-20T06:50:15.537Z
7480,,admin,logout,logout,User logged out,"{""url"":""https://nice-bay-0191cb900.7.azurestaticapps.net/day/2026-07-20"",""device"":""Platform: MacIntel, Screen: 1728x1117@2, UA: Mozilla/5.0 (Macintosh; Intel Mac OS X 10_15_7) AppleWebKit/537.36 (KHTML, like Gecko) Chrome/150.0."",""role"":""admin"",""displayName"":""Owner""}","Platform: MacIntel, Screen: 1728x1117@2, UA: Mozilla/5.0 (Macintosh; Intel Mac OS X 10_15_7) AppleWebKit/537.36 (KHTML, like Gecko) Chrome/150.0.",,2026-07-20T06:50:15.557Z
7481,,admin,logout,logout,User logged out,"{""url"":""https://nice-bay-0191cb900.7.azurestaticapps.net/day/2026-07-20"",""device"":""Platform: MacIntel, Screen: 1728x1117@2, UA: Mozilla/5.0 (Macintosh; Intel Mac OS X 10_15_7) AppleWebKit/537.36 (KHTML, like Gecko) Chrome/150.0."",""role"":""admin"",""displayName"":""Owner""}","Platform: MacIntel, Screen: 1728x1117@2, UA: Mozilla/5.0 (Macintosh; Intel Mac OS X 10_15_7) AppleWebKit/537.36 (KHTML, like Gecko) Chrome/150.0.",,2026-07-20T06:50:15.620Z
7482,,admin,logout,logout,User logged out,"{""url"":""https://nice-bay-0191cb900.7.azurestaticapps.net/day/2026-07-20"",""device"":""Platform: MacIntel, Screen: 1728x1117@2, UA: Mozilla/5.0 (Macintosh; Intel Mac OS X 10_15_7) AppleWebKit/537.36 (KHTML, like Gecko) Chrome/150.0."",""role"":""admin"",""displayName"":""Owner""}","Platform: MacIntel, Screen: 1728x1117@2, UA: Mozilla/5.0 (Macintosh; Intel Mac OS X 10_15_7) AppleWebKit/537.36 (KHTML, like Gecko) Chrome/150.0.",,2026-07-20T06:50:15.643Z
7483,,admin,logout,logout,User logged out,"{""url"":""https://nice-bay-0191cb900.7.azurestaticapps.net/day/2026-07-20"",""device"":""Platform: MacIntel, Screen: 1728x1117@2, UA: Mozilla/5.0 (Macintosh; Intel Mac OS X 10_15_7) AppleWebKit/537.36 (KHTML, like Gecko) Chrome/150.0."",""role"":""admin"",""displayName"":""Owner""}","Platform: MacIntel, Screen: 1728x1117@2, UA: Mozilla/5.0 (Macintosh; Intel Mac OS X 10_15_7) AppleWebKit/537.36 (KHTML, like Gecko) Chrome/150.0.",,2026-07-20T06:50:15.700Z
7484,,admin,logout,logout,User logged out,"{""url"":""https://nice-bay-0191cb900.7.azurestaticapps.net/day/2026-07-20"",""device"":""Platform: MacIntel, Screen: 1728x1117@2, UA: Mozilla/5.0 (Macintosh; Intel Mac OS X 10_15_7) AppleWebKit/537.36 (KHTML, like Gecko) Chrome/150.0."",""role"":""admin"",""displayName"":""Owner""}","Platform: MacIntel, Screen: 1728x1117@2, UA: Mozilla/5.0 (Macintosh; Intel Mac OS X 10_15_7) AppleWebKit/537.36 (KHTML, like Gecko) Chrome/150.0.",,2026-07-20T06:50:15.730Z
7485,,admin,logout,logout,User logged out,"{""url"":""https://nice-bay-0191cb900.7.azurestaticapps.net/day/2026-07-20"",""device"":""Platform: MacIntel, Screen: 1728x1117@2, UA: Mozilla/5.0 (Macintosh; Intel Mac OS X 10_15_7) AppleWebKit/537.36 (KHTML, like Gecko) Chrome/150.0."",""role"":""admin"",""displayName"":""Owner""}","Platform: MacIntel, Screen: 1728x1117@2, UA: Mozilla/5.0 (Macintosh; Intel Mac OS X 10_15_7) AppleWebKit/537.36 (KHTML, like Gecko) Chrome/150.0.",,2026-07-20T06:50:15.783Z
7486,,admin,logout,logout,User logged out,"{""url"":""https://nice-bay-0191cb900.7.azurestaticapps.net/day/2026-07-20"",""device"":""Platform: MacIntel, Screen: 1728x1117@2, UA: Mozilla/5.0 (Macintosh; Intel Mac OS X 10_15_7) AppleWebKit/537.36 (KHTML, like Gecko) Chrome/150.0."",""role"":""admin"",""displayName"":""Owner""}","Platform: MacIntel, Screen: 1728x1117@2, UA: Mozilla/5.0 (Macintosh; Intel Mac OS X 10_15_7) AppleWebKit/537.36 (KHTML, like Gecko) Chrome/150.0.",,2026-07-20T06:50:15.817Z
7487,,admin,logout,logout,User logged out,"{""url"":""https://nice-bay-0191cb900.7.azurestaticapps.net/day/2026-07-20"",""device"":""Platform: MacIntel, Screen: 1728x1117@2, UA: Mozilla/5.0 (Macintosh; Intel Mac OS X 10_15_7) AppleWebKit/537.36 (KHTML, like Gecko) Chrome/150.0."",""role"":""admin"",""displayName"":""Owner""}","Platform: MacIntel, Screen: 1728x1117@2, UA: Mozilla/5.0 (Macintosh; Intel Mac OS X 10_15_7) AppleWebKit/537.36 (KHTML, like Gecko) Chrome/150.0.",,2026-07-20T06:50:15.870Z
7488,,admin,logout,logout,User logged out,"{""url"":""https://nice-bay-0191cb900.7.azurestaticapps.net/day/2026-07-20"",""device"":""Platform: MacIntel, Screen: 1728x1117@2, UA: Mozilla/5.0 (Macintosh; Intel Mac OS X 10_15_7) AppleWebKit/537.36 (KHTML, like Gecko) Chrome/150.0."",""role"":""admin"",""displayName"":""Owner""}","Platform: MacIntel, Screen: 1728x1117@2, UA: Mozilla/5.0 (Macintosh; Intel Mac OS X 10_15_7) AppleWebKit/537.36 (KHTML, like Gecko) Chrome/150.0.",,2026-07-20T06:50:15.903Z
7489,,admin,logout,logout,User logged out,"{""url"":""https://nice-bay-0191cb900.7.azurestaticapps.net/day/2026-07-20"",""device"":""Platform: MacIntel, Screen: 1728x1117@2, UA: Mozilla/5.0 (Macintosh; Intel Mac OS X 10_15_7) AppleWebKit/537.36 (KHTML, like Gecko) Chrome/150.0."",""role"":""admin"",""displayName"":""Owner""}","Platform: MacIntel, Screen: 1728x1117@2, UA: Mozilla/5.0 (Macintosh; Intel Mac OS X 10_15_7) AppleWebKit/537.36 (KHTML, like Gecko) Chrome/150.0.",,2026-07-20T06:50:15.953Z
7490,,admin,logout,logout,User logged out,"{""url"":""https://nice-bay-0191cb900.7.azurestaticapps.net/day/2026-07-20"",""device"":""Platform: MacIntel, Screen: 1728x1117@2, UA: Mozilla/5.0 (Macintosh; Intel Mac OS X 10_15_7) AppleWebKit/537.36 (KHTML, like Gecko) Chrome/150.0."",""role"":""admin"",""displayName"":""Owner""}","Platform: MacIntel, Screen: 1728x1117@2, UA: Mozilla/5.0 (Macintosh; Intel Mac OS X 10_15_7) AppleWebKit/537.36 (KHTML, like Gecko) Chrome/150.0.",,2026-07-20T06:50:15.990Z
7491,,admin,logout,logout,User logged out,"{""url"":""https://nice-bay-0191cb900.7.azurestaticapps.net/day/2026-07-20"",""device"":""Platform: MacIntel, Screen: 1728x1117@2, UA: Mozilla/5.0 (Macintosh; Intel Mac OS X 10_15_7) AppleWebKit/537.36 (KHTML, like Gecko) Chrome/150.0."",""role"":""admin"",""displayName"":""Owner""}","Platform: MacIntel, Screen: 1728x1117@2, UA: Mozilla/5.0 (Macintosh; Intel Mac OS X 10_15_7) AppleWebKit/537.36 (KHTML, like Gecko) Chrome/150.0.",,2026-07-20T06:50:16.073Z
7492,,admin,logout,logout,User logged out,"{""url"":""https://nice-bay-0191cb900.7.azurestaticapps.net/day/2026-07-20"",""device"":""Platform: MacIntel, Screen: 1728x1117@2, UA: Mozilla/5.0 (Macintosh; Intel Mac OS X 10_15_7) AppleWebKit/537.36 (KHTML, like Gecko) Chrome/150.0."",""role"":""admin"",""displayName"":""Owner""}","Platform: MacIntel, Screen: 1728x1117@2, UA: Mozilla/5.0 (Macintosh; Intel Mac OS X 10_15_7) AppleWebKit/537.36 (KHTML, like Gecko) Chrome/150.0.",,2026-07-20T06:50:16.160Z
7493,,admin,logout,logout,User logged out,"{""url"":""https://nice-bay-0191cb900.7.azurestaticapps.net/day/2026-07-20"",""device"":""Platform: MacIntel, Screen: 1728x1117@2, UA: Mozilla/5.0 (Macintosh; Intel Mac OS X 10_15_7) AppleWebKit/537.36 (KHTML, like Gecko) Chrome/150.0."",""role"":""admin"",""displayName"":""Owner""}","Platform: MacIntel, Screen: 1728x1117@2, UA: Mozilla/5.0 (Macintosh; Intel Mac OS X 10_15_7) AppleWebKit/537.36 (KHTML, like Gecko) Chrome/150.0.",,2026-07-20T06:50:16.247Z
7494,,admin,logout,logout,User logged out,"{""url"":""https://nice-bay-0191cb900.7.azurestaticapps.net/day/2026-07-20"",""device"":""Platform: MacIntel, Screen: 1728x1117@2, UA: Mozilla/5.0 (Macintosh; Intel Mac OS X 10_15_7) AppleWebKit/537.36 (KHTML, like Gecko) Chrome/150.0."",""role"":""admin"",""displayName"":""Owner""}","Platform: MacIntel, Screen: 1728x1117@2, UA: Mozilla/5.0 (Macintosh; Intel Mac OS X 10_15_7) AppleWebKit/537.36 (KHTML, like Gecko) Chrome/150.0.",,2026-07-20T06:50:17.537Z
7495,,admin,logout,logout,User logged out,"{""url"":""https://nice-bay-0191cb900.7.azurestaticapps.net/day/2026-07-20"",""device"":""Platform: MacIntel, Screen: 1728x1117@2, UA: Mozilla/5.0 (Macintosh; Intel Mac OS X 10_15_7) AppleWebKit/537.36 (KHTML, like Gecko) Chrome/150.0."",""role"":""admin"",""displayName"":""Owner""}","Platform: MacIntel, Screen: 1728x1117@2, UA: Mozilla/5.0 (Macintosh; Intel Mac OS X 10_15_7) AppleWebKit/537.36 (KHTML, like Gecko) Chrome/150.0.",,2026-07-20T06:50:17.627Z
7496,,admin,logout,logout,User logged out,"{""url"":""https://nice-bay-0191cb900.7.azurestaticapps.net/day/2026-07-20"",""device"":""Platform: MacIntel, Screen: 1728x1117@2, UA: Mozilla/5.0 (Macintosh; Intel Mac OS X 10_15_7) AppleWebKit/537.36 (KHTML, like Gecko) Chrome/150.0."",""role"":""admin"",""displayName"":""Owner""}","Platform: MacIntel, Screen: 1728x1117@2, UA: Mozilla/5.0 (Macintosh; Intel Mac OS X 10_15_7) AppleWebKit/537.36 (KHTML, like Gecko) Chrome/150.0.",,2026-07-20T06:50:17.713Z
7497,,admin,logout,logout,User logged out,"{""url"":""https://nice-bay-0191cb900.7.azurestaticapps.net/day/2026-07-20"",""device"":""Platform: MacIntel, Screen: 1728x1117@2, UA: Mozilla/5.0 (Macintosh; Intel Mac OS X 10_15_7) AppleWebKit/537.36 (KHTML, like Gecko) Chrome/150.0."",""role"":""admin"",""displayName"":""Owner""}","Platform: MacIntel, Screen: 1728x1117@2, UA: Mozilla/5.0 (Macintosh; Intel Mac OS X 10_15_7) AppleWebKit/537.36 (KHTML, like Gecko) Chrome/150.0.",,2026-07-20T06:50:17.800Z
7498,,admin,logout,logout,User logged out,"{""url"":""https://nice-bay-0191cb900.7.azurestaticapps.net/day/2026-07-20"",""device"":""Platform: MacIntel, Screen: 1728x1117@2, UA: Mozilla/5.0 (Macintosh; Intel Mac OS X 10_15_7) AppleWebKit/537.36 (KHTML, like Gecko) Chrome/150.0."",""role"":""admin"",""displayName"":""Owner""}","Platform: MacIntel, Screen: 1728x1117@2, UA: Mozilla/5.0 (Macintosh; Intel Mac OS X 10_15_7) AppleWebKit/537.36 (KHTML, like Gecko) Chrome/150.0.",,2026-07-20T06:50:19.397Z
7499,,admin,logout,logout,User logged out,"{""url"":""https://nice-bay-0191cb900.7.azurestaticapps.net/day/2026-07-20"",""device"":""Platform: MacIntel, Screen: 1728x1117@2, UA: Mozilla/5.0 (Macintosh; Intel Mac OS X 10_15_7) AppleWebKit/537.36 (KHTML, like Gecko) Chrome/150.0."",""role"":""admin"",""displayName"":""Owner""}","Platform: MacIntel, Screen: 1728x1117@2, UA: Mozilla/5.0 (Macintosh; Intel Mac OS X 10_15_7) AppleWebKit/537.36 (KHTML, like Gecko) Chrome/150.0.",,2026-07-20T06:50:19.493Z
7500,,admin,logout,logout,User logged out,"{""url"":""https://nice-bay-0191cb900.7.azurestaticapps.net/day/2026-07-20"",""device"":""Platform: MacIntel, Screen: 1728x1117@2, UA: Mozilla/5.0 (Macintosh; Intel Mac OS X 10_15_7) AppleWebKit/537.36 (KHTML, like Gecko) Chrome/150.0."",""role"":""admin"",""displayName"":""Owner""}","Platform: MacIntel, Screen: 1728x1117@2, UA: Mozilla/5.0 (Macintosh; Intel Mac OS X 10_15_7) AppleWebKit/537.36 (KHTML, like Gecko) Chrome/150.0.",,2026-07-20T06:50:19.590Z
7501,,admin,logout,logout,User logged out,"{""url"":""https://nice-bay-0191cb900.7.azurestaticapps.net/day/2026-07-20"",""device"":""Platform: MacIntel, Screen: 1728x1117@2, UA: Mozilla/5.0 (Macintosh; Intel Mac OS X 10_15_7) AppleWebKit/537.36 (KHTML, like Gecko) Chrome/150.0."",""role"":""admin"",""displayName"":""Owner""}","Platform: MacIntel, Screen: 1728x1117@2, UA: Mozilla/5.0 (Macintosh; Intel Mac OS X 10_15_7) AppleWebKit/537.36 (KHTML, like Gecko) Chrome/150.0.",,2026-07-20T06:50:19.683Z
7502,,admin,logout,logout,User logged out,"{""url"":""https://nice-bay-0191cb900.7.azurestaticapps.net/day/2026-07-20"",""device"":""Platform: MacIntel, Screen: 1728x1117@2, UA: Mozilla/5.0 (Macintosh; Intel Mac OS X 10_15_7) AppleWebKit/537.36 (KHTML, like Gecko) Chrome/150.0."",""role"":""admin"",""displayName"":""Owner""}","Platform: MacIntel, Screen: 1728x1117@2, UA: Mozilla/5.0 (Macintosh; Intel Mac OS X 10_15_7) AppleWebKit/537.36 (KHTML, like Gecko) Chrome/150.0.",,2026-07-20T06:50:19.780Z
7503,,admin,logout,logout,User logged out,"{""url"":""https://nice-bay-0191cb900.7.azurestaticapps.net/day/2026-07-20"",""device"":""Platform: MacIntel, Screen: 1728x1117@2, UA: Mozilla/5.0 (Macintosh; Intel Mac OS X 10_15_7) AppleWebKit/537.36 (KHTML, like Gecko) Chrome/150.0."",""role"":""admin"",""displayName"":""Owner""}","Platform: MacIntel, Screen: 1728x1117@2, UA: Mozilla/5.0 (Macintosh; Intel Mac OS X 10_15_7) AppleWebKit/537.36 (KHTML, like Gecko) Chrome/150.0.",,2026-07-20T06:50:19.880Z
7504,,admin,logout,logout,User logged out,"{""url"":""https://nice-bay-0191cb900.7.azurestaticapps.net/day/2026-07-20"",""device"":""Platform: MacIntel, Screen: 1728x1117@2, UA: Mozilla/5.0 (Macintosh; Intel Mac OS X 10_15_7) AppleWebKit/537.36 (KHTML, like Gecko) Chrome/150.0."",""role"":""admin"",""displayName"":""Owner""}","Platform: MacIntel, Screen: 1728x1117@2, UA: Mozilla/5.0 (Macintosh; Intel Mac OS X 10_15_7) AppleWebKit/537.36 (KHTML, like Gecko) Chrome/150.0.",,2026-07-20T06:50:19.977Z
7505,,admin,logout,logout,User logged out,"{""url"":""https://nice-bay-0191cb900.7.azurestaticapps.net/day/2026-07-20"",""device"":""Platform: MacIntel, Screen: 1728x1117@2, UA: Mozilla/5.0 (Macintosh; Intel Mac OS X 10_15_7) AppleWebKit/537.36 (KHTML, like Gecko) Chrome/150.0."",""role"":""admin"",""displayName"":""Owner""}","Platform: MacIntel, Screen: 1728x1117@2, UA: Mozilla/5.0 (Macintosh; Intel Mac OS X 10_15_7) AppleWebKit/537.36 (KHTML, like Gecko) Chrome/150.0.",,2026-07-20T06:50:20.070Z
7506,,admin,logout,logout,User logged out,"{""url"":""https://nice-bay-0191cb900.7.azurestaticapps.net/day/2026-07-20"",""device"":""Platform: MacIntel, Screen: 1728x1117@2, UA: Mozilla/5.0 (Macintosh; Intel Mac OS X 10_15_7) AppleWebKit/537.36 (KHTML, like Gecko) Chrome/150.0."",""role"":""admin"",""displayName"":""Owner""}","Platform: MacIntel, Screen: 1728x1117@2, UA: Mozilla/5.0 (Macintosh; Intel Mac OS X 10_15_7) AppleWebKit/537.36 (KHTML, like Gecko) Chrome/150.0.",,2026-07-20T06:50:20.523Z
7507,,admin,logout,logout,User logged out,"{""url"":""https://nice-bay-0191cb900.7.azurestaticapps.net/day/2026-07-20"",""device"":""Platform: MacIntel, Screen: 1728x1117@2, UA: Mozilla/5.0 (Macintosh; Intel Mac OS X 10_15_7) AppleWebKit/537.36 (KHTML, like Gecko) Chrome/150.0."",""role"":""admin"",""displayName"":""Owner""}","Platform: MacIntel, Screen: 1728x1117@2, UA: Mozilla/5.0 (Macintosh; Intel Mac OS X 10_15_7) AppleWebKit/537.36 (KHTML, like Gecko) Chrome/150.0.",,2026-07-20T06:50:20.620Z
7508,,admin,logout,logout,User logged out,"{""url"":""https://nice-bay-0191cb900.7.azurestaticapps.net/day/2026-07-20"",""device"":""Platform: MacIntel, Screen: 1728x1117@2, UA: Mozilla/5.0 (Macintosh; Intel Mac OS X 10_15_7) AppleWebKit/537.36 (KHTML, like Gecko) Chrome/150.0."",""role"":""admin"",""displayName"":""Owner""}","Platform: MacIntel, Screen: 1728x1117@2, UA: Mozilla/5.0 (Macintosh; Intel Mac OS X 10_15_7) AppleWebKit/537.36 (KHTML, like Gecko) Chrome/150.0.",,2026-07-20T06:50:20.713Z
7509,,admin,logout,logout,User logged out,"{""url"":""https://nice-bay-0191cb900.7.azurestaticapps.net/day/2026-07-20"",""device"":""Platform: MacIntel, Screen: 1728x1117@2, UA: Mozilla/5.0 (Macintosh; Intel Mac OS X 10_15_7) AppleWebKit/537.36 (KHTML, like Gecko) Chrome/150.0."",""role"":""admin"",""displayName"":""Owner""}","Platform: MacIntel, Screen: 1728x1117@2, UA: Mozilla/5.0 (Macintosh; Intel Mac OS X 10_15_7) AppleWebKit/537.36 (KHTML, like Gecko) Chrome/150.0.",,2026-07-20T06:50:20.807Z
7510,,admin,logout,logout,User logged out,"{""url"":""https://nice-bay-0191cb900.7.azurestaticapps.net/day/2026-07-20"",""device"":""Platform: MacIntel, Screen: 1728x1117@2, UA: Mozilla/5.0 (Macintosh; Intel Mac OS X 10_15_7) AppleWebKit/537.36 (KHTML, like Gecko) Chrome/150.0."",""role"":""admin"",""displayName"":""Owner""}","Platform: MacIntel, Screen: 1728x1117@2, UA: Mozilla/5.0 (Macintosh; Intel Mac OS X 10_15_7) AppleWebKit/537.36 (KHTML, like Gecko) Chrome/150.0.",,2026-07-20T06:50:20.900Z
7511,,admin,logout,logout,User logged out,"{""url"":""https://nice-bay-0191cb900.7.azurestaticapps.net/day/2026-07-20"",""device"":""Platform: MacIntel, Screen: 1728x1117@2, UA: Mozilla/5.0 (Macintosh; Intel Mac OS X 10_15_7) AppleWebKit/537.36 (KHTML, like Gecko) Chrome/150.0."",""role"":""admin"",""displayName"":""Owner""}","Platform: MacIntel, Screen: 1728x1117@2, UA: Mozilla/5.0 (Macintosh; Intel Mac OS X 10_15_7) AppleWebKit/537.36 (KHTML, like Gecko) Chrome/150.0.",,2026-07-20T06:50:20.993Z
7512,,admin,logout,logout,User logged out,"{""url"":""https://nice-bay-0191cb900.7.azurestaticapps.net/day/2026-07-20"",""device"":""Platform: MacIntel, Screen: 1728x1117@2, UA: Mozilla/5.0 (Macintosh; Intel Mac OS X 10_15_7) AppleWebKit/537.36 (KHTML, like Gecko) Chrome/150.0."",""role"":""admin"",""displayName"":""Owner""}","Platform: MacIntel, Screen: 1728x1117@2, UA: Mozilla/5.0 (Macintosh; Intel Mac OS X 10_15_7) AppleWebKit/537.36 (KHTML, like Gecko) Chrome/150.0.",,2026-07-20T06:50:21.090Z
7513,,admin,login,login,User logged in,"{""sessionId"":""s-1784530226686-j8nk9"",""url"":""https://nice-bay-0191cb900.7.azurestaticapps.net/login"",""device"":""Platform: MacIntel, Screen: 1728x1117@2, UA: Mozilla/5.0 (Macintosh; Intel Mac OS X 10_15_7) AppleWebKit/537.36 (KHTML, like Gecko) Chrome/150.0."",""role"":""admin"",""displayName"":""Owner""}","Platform: MacIntel, Screen: 1728x1117@2, UA: Mozilla/5.0 (Macintosh; Intel Mac OS X 10_15_7) AppleWebKit/537.36 (KHTML, like Gecko) Chrome/150.0.",,2026-07-20T06:52:26.003Z
7514,,admin,logout,logout,User logged out,"{""sessionId"":""s-1784563533788-n2brq"",""url"":""https://nice-bay-0191cb900.7.azurestaticapps.net/admin"",""device"":""Platform: Linux armv81, Screen: 360x780@3, UA: Mozilla/5.0 (Linux; Android 10; K) AppleWebKit/537.36 (KHTML, like Gecko) Chrome/150.0.0.0 Mobile Sa"",""sessionDurationMs"":7713,""role"":""admin"",""displayName"":""Owner""}","Platform: Linux armv81, Screen: 360x780@3, UA: Mozilla/5.0 (Linux; Android 10; K) AppleWebKit/537.36 (KHTML, like Gecko) Chrome/150.0.0.0 Mobile Sa",,2026-07-20T16:35:52.433Z
7515,,admin,logout,logout,User logged out,"{""sessionId"":""s-1784563533788-n2brq"",""url"":""https://nice-bay-0191cb900.7.azurestaticapps.net/admin"",""device"":""Platform: Linux armv81, Screen: 360x780@3, UA: Mozilla/5.0 (Linux; Android 10; K) AppleWebKit/537.36 (KHTML, like Gecko) Chrome/150.0.0.0 Mobile Sa"",""sessionDurationMs"":7713,""role"":""admin"",""displayName"":""Owner""}","Platform: Linux armv81, Screen: 360x780@3, UA: Mozilla/5.0 (Linux; Android 10; K) AppleWebKit/537.36 (KHTML, like Gecko) Chrome/150.0.0.0 Mobile Sa",,2026-07-20T16:35:53.400Z
7516,,staff,login,login,User logged in,"{""sessionId"":""s-1784568177663-krsup"",""url"":""https://nice-bay-0191cb900.7.azurestaticapps.net/login"",""device"":""Platform: Linux armv81, Screen: 360x780@3, UA: Mozilla/5.0 (Linux; Android 10; K) AppleWebKit/537.36 (KHTML, like Gecko) Chrome/150.0.0.0 Mobile Sa"",""role"":""staff"",""displayName"":""Cart Staff""}","Platform: Linux armv81, Screen: 360x780@3, UA: Mozilla/5.0 (Linux; Android 10; K) AppleWebKit/537.36 (KHTML, like Gecko) Chrome/150.0.0.0 Mobile Sa",,2026-07-20T17:23:03.817Z
7517,,staff,page_view,supply_verification,Opened supply verification for 2026-07-20,"{""sessionId"":""s-1784568177663-krsup"",""url"":""https://nice-bay-0191cb900.7.azurestaticapps.net/day/2026-07-20/verify""}","Platform: Linux armv81, Screen: 360x780@3, UA: Mozilla/5.0 (Linux; Android 10; K) AppleWebKit/537.36 (KHTML, like Gecko) Chrome/150.0.0.0 Mobile Sa",,2026-07-20T17:23:04.217Z
7518,,staff,verification_submit,supply_verification,Verification submitted for 2026-07-20,"{""sessionId"":""s-1784568177663-krsup"",""conflicts"":0,""items"":4}","Platform: Linux armv81, Screen: 360x780@3, UA: Mozilla/5.0 (Linux; Android 10; K) AppleWebKit/537.36 (KHTML, like Gecko) Chrome/150.0.0.0 Mobile Sa",,2026-07-20T17:23:06.307Z
7522,,staff,page_view,new_order,Opened new order page for 2026-07-20,"{""sessionId"":""s-1784568177663-krsup"",""url"":""https://nice-bay-0191cb900.7.azurestaticapps.net/day/2026-07-20/new""}","Platform: Linux armv81, Screen: 360x780@3, UA: Mozilla/5.0 (Linux; Android 10; K) AppleWebKit/537.36 (KHTML, like Gecko) Chrome/150.0.0.0 Mobile Sa",,2026-07-20T17:25:12.840Z
7523,,staff,page_view,closing_stock,Opened closing stock for 2026-07-20,"{""sessionId"":""s-1784568177663-krsup"",""url"":""https://nice-bay-0191cb900.7.azurestaticapps.net/day/2026-07-20/closing""}","Platform: Linux armv81, Screen: 360x780@3, UA: Mozilla/5.0 (Linux; Android 10; K) AppleWebKit/537.36 (KHTML, like Gecko) Chrome/150.0.0.0 Mobile Sa",,2026-07-20T17:25:12.843Z
7552,,admin,logout,logout,User logged out,"{""sessionId"":""s-1784623588616-k6c71"",""url"":""https://nice-bay-0191cb900.7.azurestaticapps.net/day/2026-07-21"",""device"":""Platform: MacIntel, Screen: 1512x982@2, UA: Mozilla/5.0 (Macintosh; Intel Mac OS X 10_15_7) AppleWebKit/537.36 (KHTML, like Gecko) Chrome/150.0."",""role"":""admin"",""displayName"":""Owner""}","Platform: MacIntel, Screen: 1512x982@2, UA: Mozilla/5.0 (Macintosh; Intel Mac OS X 10_15_7) AppleWebKit/537.36 (KHTML, like Gecko) Chrome/150.0.",,2026-07-21T08:46:35.820Z
7553,,admin,logout,logout,User logged out,"{""sessionId"":""s-1784623588616-k6c71"",""url"":""https://nice-bay-0191cb900.7.azurestaticapps.net/day/2026-07-21"",""device"":""Platform: MacIntel, Screen: 1512x982@2, UA: Mozilla/5.0 (Macintosh; Intel Mac OS X 10_15_7) AppleWebKit/537.36 (KHTML, like Gecko) Chrome/150.0."",""role"":""admin"",""displayName"":""Owner""}","Platform: MacIntel, Screen: 1512x982@2, UA: Mozilla/5.0 (Macintosh; Intel Mac OS X 10_15_7) AppleWebKit/537.36 (KHTML, like Gecko) Chrome/150.0.",,2026-07-21T08:46:35.850Z
7554,,admin,logout,logout,User logged out,"{""sessionId"":""s-1784623588616-k6c71"",""url"":""https://nice-bay-0191cb900.7.azurestaticapps.net/day/2026-07-21"",""device"":""Platform: MacIntel, Screen: 1512x982@2, UA: Mozilla/5.0 (Macintosh; Intel Mac OS X 10_15_7) AppleWebKit/537.36 (KHTML, like Gecko) Chrome/150.0."",""sessionDurationMs"":323,""role"":""admin"",""displayName"":""Owner""}","Platform: MacIntel, Screen: 1512x982@2, UA: Mozilla/5.0 (Macintosh; Intel Mac OS X 10_15_7) AppleWebKit/537.36 (KHTML, like Gecko) Chrome/150.0.",,2026-07-21T08:46:35.857Z
7555,,admin,logout,logout,User logged out,"{""sessionId"":""s-1784623588616-k6c71"",""url"":""https://nice-bay-0191cb900.7.azurestaticapps.net/day/2026-07-21"",""device"":""Platform: MacIntel, Screen: 1512x982@2, UA: Mozilla/5.0 (Macintosh; Intel Mac OS X 10_15_7) AppleWebKit/537.36 (KHTML, like Gecko) Chrome/150.0."",""sessionDurationMs"":164,""role"":""admin"",""displayName"":""Owner""}","Platform: MacIntel, Screen: 1512x982@2, UA: Mozilla/5.0 (Macintosh; Intel Mac OS X 10_15_7) AppleWebKit/537.36 (KHTML, like Gecko) Chrome/150.0.",,2026-07-21T08:46:35.880Z
7556,,admin,logout,logout,User logged out,"{""sessionId"":""s-1784623588616-k6c71"",""url"":""https://nice-bay-0191cb900.7.azurestaticapps.net/day/2026-07-21"",""device"":""Platform: MacIntel, Screen: 1512x982@2, UA: Mozilla/5.0 (Macintosh; Intel Mac OS X 10_15_7) AppleWebKit/537.36 (KHTML, like Gecko) Chrome/150.0."",""sessionDurationMs"":164,""role"":""admin"",""displayName"":""Owner""}","Platform: MacIntel, Screen: 1512x982@2, UA: Mozilla/5.0 (Macintosh; Intel Mac OS X 10_15_7) AppleWebKit/537.36 (KHTML, like Gecko) Chrome/150.0.",,2026-07-21T08:46:35.880Z
7557,,admin,logout,logout,User logged out,"{""sessionId"":""s-1784623588616-k6c71"",""url"":""https://nice-bay-0191cb900.7.azurestaticapps.net/day/2026-07-21"",""device"":""Platform: MacIntel, Screen: 1512x982@2, UA: Mozilla/5.0 (Macintosh; Intel Mac OS X 10_15_7) AppleWebKit/537.36 (KHTML, like Gecko) Chrome/150.0."",""sessionDurationMs"":629,""role"":""admin"",""displayName"":""Owner""}","Platform: MacIntel, Screen: 1512x982@2, UA: Mozilla/5.0 (Macintosh; Intel Mac OS X 10_15_7) AppleWebKit/537.36 (KHTML, like Gecko) Chrome/150.0.",,2026-07-21T08:46:35.880Z
7558,,admin,logout,logout,User logged out,"{""sessionId"":""s-1784623588616-k6c71"",""url"":""https://nice-bay-0191cb900.7.azurestaticapps.net/day/2026-07-21"",""device"":""Platform: MacIntel, Screen: 1512x982@2, UA: Mozilla/5.0 (Macintosh; Intel Mac OS X 10_15_7) AppleWebKit/537.36 (KHTML, like Gecko) Chrome/150.0."",""sessionDurationMs"":481,""role"":""admin"",""displayName"":""Owner""}","Platform: MacIntel, Screen: 1512x982@2, UA: Mozilla/5.0 (Macintosh; Intel Mac OS X 10_15_7) AppleWebKit/537.36 (KHTML, like Gecko) Chrome/150.0.",,2026-07-21T08:46:35.897Z
7559,,admin,logout,logout,User logged out,"{""sessionId"":""s-1784623588616-k6c71"",""url"":""https://nice-bay-0191cb900.7.azurestaticapps.net/day/2026-07-21"",""device"":""Platform: MacIntel, Screen: 1512x982@2, UA: Mozilla/5.0 (Macintosh; Intel Mac OS X 10_15_7) AppleWebKit/537.36 (KHTML, like Gecko) Chrome/150.0."",""sessionDurationMs"":481,""role"":""admin"",""displayName"":""Owner""}","Platform: MacIntel, Screen: 1512x982@2, UA: Mozilla/5.0 (Macintosh; Intel Mac OS X 10_15_7) AppleWebKit/537.36 (KHTML, like Gecko) Chrome/150.0.",,2026-07-21T08:46:35.910Z
7560,,admin,logout,logout,User logged out,"{""sessionId"":""s-1784623588616-k6c71"",""url"":""https://nice-bay-0191cb900.7.azurestaticapps.net/day/2026-07-21"",""device"":""Platform: MacIntel, Screen: 1512x982@2, UA: Mozilla/5.0 (Macintosh; Intel Mac OS X 10_15_7) AppleWebKit/537.36 (KHTML, like Gecko) Chrome/150.0."",""sessionDurationMs"":1398,""role"":""admin"",""displayName"":""Owner""}","Platform: MacIntel, Screen: 1512x982@2, UA: Mozilla/5.0 (Macintosh; Intel Mac OS X 10_15_7) AppleWebKit/537.36 (KHTML, like Gecko) Chrome/150.0.",,2026-07-21T08:46:35.923Z
7561,,admin,logout,logout,User logged out,"{""sessionId"":""s-1784623588616-k6c71"",""url"":""https://nice-bay-0191cb900.7.azurestaticapps.net/day/2026-07-21"",""device"":""Platform: MacIntel, Screen: 1512x982@2, UA: Mozilla/5.0 (Macintosh; Intel Mac OS X 10_15_7) AppleWebKit/537.36 (KHTML, like Gecko) Chrome/150.0."",""sessionDurationMs"":789,""role"":""admin"",""displayName"":""Owner""}","Platform: MacIntel, Screen: 1512x982@2, UA: Mozilla/5.0 (Macintosh; Intel Mac OS X 10_15_7) AppleWebKit/537.36 (KHTML, like Gecko) Chrome/150.0.",,2026-07-21T08:46:35.943Z
7562,,admin,logout,logout,User logged out,"{""sessionId"":""s-1784623588616-k6c71"",""url"":""https://nice-bay-0191cb900.7.azurestaticapps.net/day/2026-07-21"",""device"":""Platform: MacIntel, Screen: 1512x982@2, UA: Mozilla/5.0 (Macintosh; Intel Mac OS X 10_15_7) AppleWebKit/537.36 (KHTML, like Gecko) Chrome/150.0."",""sessionDurationMs"":1398,""role"":""admin"",""displayName"":""Owner""}","Platform: MacIntel, Screen: 1512x982@2, UA: Mozilla/5.0 (Macintosh; Intel Mac OS X 10_15_7) AppleWebKit/537.36 (KHTML, like Gecko) Chrome/150.0.",,2026-07-21T08:46:36.180Z
7563,,admin,logout,logout,User logged out,"{""sessionId"":""s-1784623588616-k6c71"",""url"":""https://nice-bay-0191cb900.7.azurestaticapps.net/day/2026-07-21"",""device"":""Platform: MacIntel, Screen: 1512x982@2, UA: Mozilla/5.0 (Macintosh; Intel Mac OS X 10_15_7) AppleWebKit/537.36 (KHTML, like Gecko) Chrome/150.0."",""sessionDurationMs"":481,""role"":""admin"",""displayName"":""Owner""}","Platform: MacIntel, Screen: 1512x982@2, UA: Mozilla/5.0 (Macintosh; Intel Mac OS X 10_15_7) AppleWebKit/537.36 (KHTML, like Gecko) Chrome/150.0.",,2026-07-21T08:46:36.207Z
7564,,admin,logout,logout,User logged out,"{""sessionId"":""s-1784623588616-k6c71"",""url"":""https://nice-bay-0191cb900.7.azurestaticapps.net/day/2026-07-21"",""device"":""Platform: MacIntel, Screen: 1512x982@2, UA: Mozilla/5.0 (Macintosh; Intel Mac OS X 10_15_7) AppleWebKit/537.36 (KHTML, like Gecko) Chrome/150.0."",""sessionDurationMs"":1555,""role"":""admin"",""displayName"":""Owner""}","Platform: MacIntel, Screen: 1512x982@2, UA: Mozilla/5.0 (Macintosh; Intel Mac OS X 10_15_7) AppleWebKit/537.36 (KHTML, like Gecko) Chrome/150.0.",,2026-07-21T08:46:36.210Z
7565,,admin,logout,logout,User logged out,"{""sessionId"":""s-1784623588616-k6c71"",""url"":""https://nice-bay-0191cb900.7.azurestaticapps.net/day/2026-07-21"",""device"":""Platform: MacIntel, Screen: 1512x982@2, UA: Mozilla/5.0 (Macintosh; Intel Mac OS X 10_15_7) AppleWebKit/537.36 (KHTML, like Gecko) Chrome/150.0."",""sessionDurationMs"":789,""role"":""admin"",""displayName"":""Owner""}","Platform: MacIntel, Screen: 1512x982@2, UA: Mozilla/5.0 (Macintosh; Intel Mac OS X 10_15_7) AppleWebKit/537.36 (KHTML, like Gecko) Chrome/150.0.",,2026-07-21T08:46:36.217Z
7566,,admin,logout,logout,User logged out,"{""sessionId"":""s-1784623588616-k6c71"",""url"":""https://nice-bay-0191cb900.7.azurestaticapps.net/day/2026-07-21"",""device"":""Platform: MacIntel, Screen: 1512x982@2, UA: Mozilla/5.0 (Macintosh; Intel Mac OS X 10_15_7) AppleWebKit/537.36 (KHTML, like Gecko) Chrome/150.0."",""sessionDurationMs"":1264,""role"":""admin"",""displayName"":""Owner""}","Platform: MacIntel, Screen: 1512x982@2, UA: Mozilla/5.0 (Macintosh; Intel Mac OS X 10_15_7) AppleWebKit/537.36 (KHTML, like Gecko) Chrome/150.0.",,2026-07-21T08:46:36.220Z
7567,,admin,logout,logout,User logged out,"{""sessionId"":""s-1784623588616-k6c71"",""url"":""https://nice-bay-0191cb900.7.azurestaticapps.net/day/2026-07-21"",""device"":""Platform: MacIntel, Screen: 1512x982@2, UA: Mozilla/5.0 (Macintosh; Intel Mac OS X 10_15_7) AppleWebKit/537.36 (KHTML, like Gecko) Chrome/150.0."",""sessionDurationMs"":323,""role"":""admin"",""displayName"":""Owner""}","Platform: MacIntel, Screen: 1512x982@2, UA: Mozilla/5.0 (Macintosh; Intel Mac OS X 10_15_7) AppleWebKit/537.36 (KHTML, like Gecko) Chrome/150.0.",,2026-07-21T08:46:36.237Z
7568,,admin,logout,logout,User logged out,"{""sessionId"":""s-1784623588616-k6c71"",""url"":""https://nice-bay-0191cb900.7.azurestaticapps.net/day/2026-07-21"",""device"":""Platform: MacIntel, Screen: 1512x982@2, UA: Mozilla/5.0 (Macintosh; Intel Mac OS X 10_15_7) AppleWebKit/537.36 (KHTML, like Gecko) Chrome/150.0."",""sessionDurationMs"":1555,""role"":""admin"",""displayName"":""Owner""}","Platform: MacIntel, Screen: 1512x982@2, UA: Mozilla/5.0 (Macintosh; Intel Mac OS X 10_15_7) AppleWebKit/537.36 (KHTML, like Gecko) Chrome/150.0.",,2026-07-21T08:46:36.247Z
7569,,admin,logout,logout,User logged out,"{""sessionId"":""s-1784623588616-k6c71"",""url"":""https://nice-bay-0191cb900.7.azurestaticapps.net/day/2026-07-21"",""device"":""Platform: MacIntel, Screen: 1512x982@2, UA: Mozilla/5.0 (Macintosh; Intel Mac OS X 10_15_7) AppleWebKit/537.36 (KHTML, like Gecko) Chrome/150.0."",""sessionDurationMs"":939,""role"":""admin"",""displayName"":""Owner""}","Platform: MacIntel, Screen: 1512x982@2, UA: Mozilla/5.0 (Macintosh; Intel Mac OS X 10_15_7) AppleWebKit/537.36 (KHTML, like Gecko) Chrome/150.0.",,2026-07-21T08:46:36.290Z
7570,,admin,logout,logout,User logged out,"{""sessionId"":""s-1784623588616-k6c71"",""url"":""https://nice-bay-0191cb900.7.azurestaticapps.net/day/2026-07-21"",""device"":""Platform: MacIntel, Screen: 1512x982@2, UA: Mozilla/5.0 (Macintosh; Intel Mac OS X 10_15_7) AppleWebKit/537.36 (KHTML, like Gecko) Chrome/150.0."",""sessionDurationMs"":1104,""role"":""admin"",""displayName"":""Owner""}","Platform: MacIntel, Screen: 1512x982@2, UA: Mozilla/5.0 (Macintosh; Intel Mac OS X 10_15_7) AppleWebKit/537.36 (KHTML, like Gecko) Chrome/150.0.",,2026-07-21T08:46:36.300Z
7571,,admin,logout,logout,User logged out,"{""sessionId"":""s-1784623588616-k6c71"",""url"":""https://nice-bay-0191cb900.7.azurestaticapps.net/day/2026-07-21"",""device"":""Platform: MacIntel, Screen: 1512x982@2, UA: Mozilla/5.0 (Macintosh; Intel Mac OS X 10_15_7) AppleWebKit/537.36 (KHTML, like Gecko) Chrome/150.0."",""sessionDurationMs"":939,""role"":""admin"",""displayName"":""Owner""}","Platform: MacIntel, Screen: 1512x982@2, UA: Mozilla/5.0 (Macintosh; Intel Mac OS X 10_15_7) AppleWebKit/537.36 (KHTML, like Gecko) Chrome/150.0.",,2026-07-21T08:46:36.330Z
7572,,admin,logout,logout,User logged out,"{""sessionId"":""s-1784623588616-k6c71"",""url"":""https://nice-bay-0191cb900.7.azurestaticapps.net/day/2026-07-21"",""device"":""Platform: MacIntel, Screen: 1512x982@2, UA: Mozilla/5.0 (Macintosh; Intel Mac OS X 10_15_7) AppleWebKit/537.36 (KHTML, like Gecko) Chrome/150.0."",""sessionDurationMs"":629,""role"":""admin"",""displayName"":""Owner""}","Platform: MacIntel, Screen: 1512x982@2, UA: Mozilla/5.0 (Macintosh; Intel Mac OS X 10_15_7) AppleWebKit/537.36 (KHTML, like Gecko) Chrome/150.0.",,2026-07-21T08:46:36.517Z
7573,,admin,logout,logout,User logged out,"{""sessionId"":""s-1784623588616-k6c71"",""url"":""https://nice-bay-0191cb900.7.azurestaticapps.net/day/2026-07-21"",""device"":""Platform: MacIntel, Screen: 1512x982@2, UA: Mozilla/5.0 (Macintosh; Intel Mac OS X 10_15_7) AppleWebKit/537.36 (KHTML, like Gecko) Chrome/150.0."",""sessionDurationMs"":1264,""role"":""admin"",""displayName"":""Owner""}","Platform: MacIntel, Screen: 1512x982@2, UA: Mozilla/5.0 (Macintosh; Intel Mac OS X 10_15_7) AppleWebKit/537.36 (KHTML, like Gecko) Chrome/150.0.",,2026-07-21T08:46:36.543Z
7574,,admin,logout,logout,User logged out,"{""sessionId"":""s-1784623588616-k6c71"",""url"":""https://nice-bay-0191cb900.7.azurestaticapps.net/day/2026-07-21"",""device"":""Platform: MacIntel, Screen: 1512x982@2, UA: Mozilla/5.0 (Macintosh; Intel Mac OS X 10_15_7) AppleWebKit/537.36 (KHTML, like Gecko) Chrome/150.0."",""sessionDurationMs"":939,""role"":""admin"",""displayName"":""Owner""}","Platform: MacIntel, Screen: 1512x982@2, UA: Mozilla/5.0 (Macintosh; Intel Mac OS X 10_15_7) AppleWebKit/537.36 (KHTML, like Gecko) Chrome/150.0.",,2026-07-21T08:46:36.543Z
7575,,admin,logout,logout,User logged out,"{""sessionId"":""s-1784623588616-k6c71"",""url"":""https://nice-bay-0191cb900.7.azurestaticapps.net/day/2026-07-21"",""device"":""Platform: MacIntel, Screen: 1512x982@2, UA: Mozilla/5.0 (Macintosh; Intel Mac OS X 10_15_7) AppleWebKit/537.36 (KHTML, like Gecko) Chrome/150.0."",""sessionDurationMs"":1264,""role"":""admin"",""displayName"":""Owner""}","Platform: MacIntel, Screen: 1512x982@2, UA: Mozilla/5.0 (Macintosh; Intel Mac OS X 10_15_7) AppleWebKit/537.36 (KHTML, like Gecko) Chrome/150.0.",,2026-07-21T08:46:36.550Z
7576,,admin,logout,logout,User logged out,"{""sessionId"":""s-1784623588616-k6c71"",""url"":""https://nice-bay-0191cb900.7.azurestaticapps.net/day/2026-07-21"",""device"":""Platform: MacIntel, Screen: 1512x982@2, UA: Mozilla/5.0 (Macintosh; Intel Mac OS X 10_15_7) AppleWebKit/537.36 (KHTML, like Gecko) Chrome/150.0."",""sessionDurationMs"":1398,""role"":""admin"",""displayName"":""Owner""}","Platform: MacIntel, Screen: 1512x982@2, UA: Mozilla/5.0 (Macintosh; Intel Mac OS X 10_15_7) AppleWebKit/537.36 (KHTML, like Gecko) Chrome/150.0.",,2026-07-21T08:46:36.563Z
7577,,admin,logout,logout,User logged out,"{""sessionId"":""s-1784623588616-k6c71"",""url"":""https://nice-bay-0191cb900.7.azurestaticapps.net/day/2026-07-21"",""device"":""Platform: MacIntel, Screen: 1512x982@2, UA: Mozilla/5.0 (Macintosh; Intel Mac OS X 10_15_7) AppleWebKit/537.36 (KHTML, like Gecko) Chrome/150.0."",""sessionDurationMs"":629,""role"":""admin"",""displayName"":""Owner""}","Platform: MacIntel, Screen: 1512x982@2, UA: Mozilla/5.0 (Macintosh; Intel Mac OS X 10_15_7) AppleWebKit/537.36 (KHTML, like Gecko) Chrome/150.0.",,2026-07-21T08:46:36.590Z
7578,,admin,logout,logout,User logged out,"{""sessionId"":""s-1784623588616-k6c71"",""url"":""https://nice-bay-0191cb900.7.azurestaticapps.net/day/2026-07-21"",""device"":""Platform: MacIntel, Screen: 1512x982@2, UA: Mozilla/5.0 (Macintosh; Intel Mac OS X 10_15_7) AppleWebKit/537.36 (KHTML, like Gecko) Chrome/150.0."",""sessionDurationMs"":1104,""role"":""admin"",""displayName"":""Owner""}","Platform: MacIntel, Screen: 1512x982@2, UA: Mozilla/5.0 (Macintosh; Intel Mac OS X 10_15_7) AppleWebKit/537.36 (KHTML, like Gecko) Chrome/150.0.",,2026-07-21T08:46:36.597Z
7579,,admin,logout,logout,User logged out,"{""sessionId"":""s-1784623588616-k6c71"",""url"":""https://nice-bay-0191cb900.7.azurestaticapps.net/day/2026-07-21"",""device"":""Platform: MacIntel, Screen: 1512x982@2, UA: Mozilla/5.0 (Macintosh; Intel Mac OS X 10_15_7) AppleWebKit/537.36 (KHTML, like Gecko) Chrome/150.0."",""sessionDurationMs"":164,""role"":""admin"",""displayName"":""Owner""}","Platform: MacIntel, Screen: 1512x982@2, UA: Mozilla/5.0 (Macintosh; Intel Mac OS X 10_15_7) AppleWebKit/537.36 (KHTML, like Gecko) Chrome/150.0.",,2026-07-21T08:46:36.660Z
7580,,admin,logout,logout,User logged out,"{""sessionId"":""s-1784623588616-k6c71"",""url"":""https://nice-bay-0191cb900.7.azurestaticapps.net/day/2026-07-21"",""device"":""Platform: MacIntel, Screen: 1512x982@2, UA: Mozilla/5.0 (Macintosh; Intel Mac OS X 10_15_7) AppleWebKit/537.36 (KHTML, like Gecko) Chrome/150.0."",""sessionDurationMs"":1104,""role"":""admin"",""displayName"":""Owner""}","Platform: MacIntel, Screen: 1512x982@2, UA: Mozilla/5.0 (Macintosh; Intel Mac OS X 10_15_7) AppleWebKit/537.36 (KHTML, like Gecko) Chrome/150.0.",,2026-07-21T08:46:36.687Z
7581,,admin,logout,logout,User logged out,"{""sessionId"":""s-1784623588616-k6c71"",""url"":""https://nice-bay-0191cb900.7.azurestaticapps.net/day/2026-07-21"",""device"":""Platform: MacIntel, Screen: 1512x982@2, UA: Mozilla/5.0 (Macintosh; Intel Mac OS X 10_15_7) AppleWebKit/537.36 (KHTML, like Gecko) Chrome/150.0."",""sessionDurationMs"":1722,""role"":""admin"",""displayName"":""Owner""}","Platform: MacIntel, Screen: 1512x982@2, UA: Mozilla/5.0 (Macintosh; Intel Mac OS X 10_15_7) AppleWebKit/537.36 (KHTML, like Gecko) Chrome/150.0.",,2026-07-21T08:46:36.717Z
7582,,admin,logout,logout,User logged out,"{""sessionId"":""s-1784623588616-k6c71"",""url"":""https://nice-bay-0191cb900.7.azurestaticapps.net/day/2026-07-21"",""device"":""Platform: MacIntel, Screen: 1512x982@2, UA: Mozilla/5.0 (Macintosh; Intel Mac OS X 10_15_7) AppleWebKit/537.36 (KHTML, like Gecko) Chrome/150.0."",""sessionDurationMs"":1722,""role"":""admin"",""displayName"":""Owner""}","Platform: MacIntel, Screen: 1512x982@2, UA: Mozilla/5.0 (Macintosh; Intel Mac OS X 10_15_7) AppleWebKit/537.36 (KHTML, like Gecko) Chrome/150.0.",,2026-07-21T08:46:36.850Z
7583,,admin,logout,logout,User logged out,"{""sessionId"":""s-1784623588616-k6c71"",""url"":""https://nice-bay-0191cb900.7.azurestaticapps.net/day/2026-07-21"",""device"":""Platform: MacIntel, Screen: 1512x982@2, UA: Mozilla/5.0 (Macintosh; Intel Mac OS X 10_15_7) AppleWebKit/537.36 (KHTML, like Gecko) Chrome/150.0."",""sessionDurationMs"":1555,""role"":""admin"",""displayName"":""Owner""}","Platform: MacIntel, Screen: 1512x982@2, UA: Mozilla/5.0 (Macintosh; Intel Mac OS X 10_15_7) AppleWebKit/537.36 (KHTML, like Gecko) Chrome/150.0.",,2026-07-21T08:46:36.877Z
7584,,admin,logout,logout,User logged out,"{""sessionId"":""s-1784623588616-k6c71"",""url"":""https://nice-bay-0191cb900.7.azurestaticapps.net/day/2026-07-21"",""device"":""Platform: MacIntel, Screen: 1512x982@2, UA: Mozilla/5.0 (Macintosh; Intel Mac OS X 10_15_7) AppleWebKit/537.36 (KHTML, like Gecko) Chrome/150.0."",""sessionDurationMs"":789,""role"":""admin"",""displayName"":""Owner""}","Platform: MacIntel, Screen: 1512x982@2, UA: Mozilla/5.0 (Macintosh; Intel Mac OS X 10_15_7) AppleWebKit/537.36 (KHTML, like Gecko) Chrome/150.0.",,2026-07-21T08:46:37.060Z
7585,,admin,logout,logout,User logged out,"{""sessionId"":""s-1784623588616-k6c71"",""url"":""https://nice-bay-0191cb900.7.azurestaticapps.net/day/2026-07-21"",""device"":""Platform: MacIntel, Screen: 1512x982@2, UA: Mozilla/5.0 (Macintosh; Intel Mac OS X 10_15_7) AppleWebKit/537.36 (KHTML, like Gecko) Chrome/150.0."",""sessionDurationMs"":323,""role"":""admin"",""displayName"":""Owner""}","Platform: MacIntel, Screen: 1512x982@2, UA: Mozilla/5.0 (Macintosh; Intel Mac OS X 10_15_7) AppleWebKit/537.36 (KHTML, like Gecko) Chrome/150.0.",,2026-07-21T08:46:37.067Z
7586,,admin,logout,logout,User logged out,"{""sessionId"":""s-1784623588616-k6c71"",""url"":""https://nice-bay-0191cb900.7.azurestaticapps.net/day/2026-07-21"",""device"":""Platform: MacIntel, Screen: 1512x982@2, UA: Mozilla/5.0 (Macintosh; Intel Mac OS X 10_15_7) AppleWebKit/537.36 (KHTML, like Gecko) Chrome/150.0."",""sessionDurationMs"":1722,""role"":""admin"",""displayName"":""Owner""}","Platform: MacIntel, Screen: 1512x982@2, UA: Mozilla/5.0 (Macintosh; Intel Mac OS X 10_15_7) AppleWebKit/537.36 (KHTML, like Gecko) Chrome/150.0.",,2026-07-21T08:46:38.480Z
7587,,admin,logout,logout,User logged out,"{""sessionId"":""s-1784623588616-k6c71"",""url"":""https://nice-bay-0191cb900.7.azurestaticapps.net/day/2026-07-21"",""device"":""Platform: MacIntel, Screen: 1512x982@2, UA: Mozilla/5.0 (Macintosh; Intel Mac OS X 10_15_7) AppleWebKit/537.36 (KHTML, like Gecko) Chrome/150.0."",""sessionDurationMs"":1722,""role"":""admin"",""displayName"":""Owner""}","Platform: MacIntel, Screen: 1512x982@2, UA: Mozilla/5.0 (Macintosh; Intel Mac OS X 10_15_7) AppleWebKit/537.36 (KHTML, like Gecko) Chrome/150.0.",,2026-07-21T08:46:38.983Z
7588,,admin,logout,logout,User logged out,"{""sessionId"":""s-1784623588616-k6c71"",""url"":""https://nice-bay-0191cb900.7.azurestaticapps.net/day/2026-07-21"",""device"":""Platform: MacIntel, Screen: 1512x982@2, UA: Mozilla/5.0 (Macintosh; Intel Mac OS X 10_15_7) AppleWebKit/537.36 (KHTML, like Gecko) Chrome/150.0."",""role"":""admin"",""displayName"":""Owner""}","Platform: MacIntel, Screen: 1512x982@2, UA: Mozilla/5.0 (Macintosh; Intel Mac OS X 10_15_7) AppleWebKit/537.36 (KHTML, like Gecko) Chrome/150.0.",,2026-07-21T08:46:39.260Z
7589,,admin,logout,logout,User logged out,"{""sessionId"":""s-1784623588616-k6c71"",""url"":""https://nice-bay-0191cb900.7.azurestaticapps.net/day/2026-07-21"",""device"":""Platform: MacIntel, Screen: 1512x982@2, UA: Mozilla/5.0 (Macintosh; Intel Mac OS X 10_15_7) AppleWebKit/537.36 (KHTML, like Gecko) Chrome/150.0."",""sessionDurationMs"":1722,""role"":""admin"",""displayName"":""Owner""}","Platform: MacIntel, Screen: 1512x982@2, UA: Mozilla/5.0 (Macintosh; Intel Mac OS X 10_15_7) AppleWebKit/537.36 (KHTML, like Gecko) Chrome/150.0.",,2026-07-21T08:46:39.617Z
7590,,admin,logout,logout,User logged out,"{""sessionId"":""s-1784623588616-k6c71"",""url"":""https://nice-bay-0191cb900.7.azurestaticapps.net/day/2026-07-21"",""device"":""Platform: MacIntel, Screen: 1512x982@2, UA: Mozilla/5.0 (Macintosh; Intel Mac OS X 10_15_7) AppleWebKit/537.36 (KHTML, like Gecko) Chrome/150.0."",""sessionDurationMs"":1722,""role"":""admin"",""displayName"":""Owner""}","Platform: MacIntel, Screen: 1512x982@2, UA: Mozilla/5.0 (Macintosh; Intel Mac OS X 10_15_7) AppleWebKit/537.36 (KHTML, like Gecko) Chrome/150.0.",,2026-07-21T08:46:40.330Z
7591,,admin,logout,logout,User logged out,"{""sessionId"":""s-1784623588616-k6c71"",""url"":""https://nice-bay-0191cb900.7.azurestaticapps.net/day/2026-07-21"",""device"":""Platform: MacIntel, Screen: 1512x982@2, UA: Mozilla/5.0 (Macintosh; Intel Mac OS X 10_15_7) AppleWebKit/537.36 (KHTML, like Gecko) Chrome/150.0."",""sessionDurationMs"":1722,""role"":""admin"",""displayName"":""Owner""}","Platform: MacIntel, Screen: 1512x982@2, UA: Mozilla/5.0 (Macintosh; Intel Mac OS X 10_15_7) AppleWebKit/537.36 (KHTML, like Gecko) Chrome/150.0.",,2026-07-21T08:46:40.330Z
7592,,admin,logout,logout,User logged out,"{""sessionId"":""s-1784623588616-k6c71"",""url"":""https://nice-bay-0191cb900.7.azurestaticapps.net/day/2026-07-21"",""device"":""Platform: MacIntel, Screen: 1512x982@2, UA: Mozilla/5.0 (Macintosh; Intel Mac OS X 10_15_7) AppleWebKit/537.36 (KHTML, like Gecko) Chrome/150.0."",""sessionDurationMs"":1722,""role"":""admin"",""displayName"":""Owner""}","Platform: MacIntel, Screen: 1512x982@2, UA: Mozilla/5.0 (Macintosh; Intel Mac OS X 10_15_7) AppleWebKit/537.36 (KHTML, like Gecko) Chrome/150.0.",,2026-07-21T08:46:40.380Z
7593,,admin,logout,logout,User logged out,"{""sessionId"":""s-1784623588616-k6c71"",""url"":""https://nice-bay-0191cb900.7.azurestaticapps.net/day/2026-07-21"",""device"":""Platform: MacIntel, Screen: 1512x982@2, UA: Mozilla/5.0 (Macintosh; Intel Mac OS X 10_15_7) AppleWebKit/537.36 (KHTML, like Gecko) Chrome/150.0."",""sessionDurationMs"":1722,""role"":""admin"",""displayName"":""Owner""}","Platform: MacIntel, Screen: 1512x982@2, UA: Mozilla/5.0 (Macintosh; Intel Mac OS X 10_15_7) AppleWebKit/537.36 (KHTML, like Gecko) Chrome/150.0.",,2026-07-21T08:46:40.383Z
7594,,admin,logout,logout,User logged out,"{""sessionId"":""s-1784623588616-k6c71"",""url"":""https://nice-bay-0191cb900.7.azurestaticapps.net/day/2026-07-21"",""device"":""Platform: MacIntel, Screen: 1512x982@2, UA: Mozilla/5.0 (Macintosh; Intel Mac OS X 10_15_7) AppleWebKit/537.36 (KHTML, like Gecko) Chrome/150.0."",""sessionDurationMs"":1722,""role"":""admin"",""displayName"":""Owner""}","Platform: MacIntel, Screen: 1512x982@2, UA: Mozilla/5.0 (Macintosh; Intel Mac OS X 10_15_7) AppleWebKit/537.36 (KHTML, like Gecko) Chrome/150.0.",,2026-07-21T08:46:40.393Z
7595,,admin,logout,logout,User logged out,"{""sessionId"":""s-1784623588616-k6c71"",""url"":""https://nice-bay-0191cb900.7.azurestaticapps.net/day/2026-07-21"",""device"":""Platform: MacIntel, Screen: 1512x982@2, UA: Mozilla/5.0 (Macintosh; Intel Mac OS X 10_15_7) AppleWebKit/537.36 (KHTML, like Gecko) Chrome/150.0."",""sessionDurationMs"":1722,""role"":""admin"",""displayName"":""Owner""}","Platform: MacIntel, Screen: 1512x982@2, UA: Mozilla/5.0 (Macintosh; Intel Mac OS X 10_15_7) AppleWebKit/537.36 (KHTML, like Gecko) Chrome/150.0.",,2026-07-21T08:46:40.400Z
7596,,admin,logout,logout,User logged out,"{""sessionId"":""s-1784623588616-k6c71"",""url"":""https://nice-bay-0191cb900.7.azurestaticapps.net/day/2026-07-21"",""device"":""Platform: MacIntel, Screen: 1512x982@2, UA: Mozilla/5.0 (Macintosh; Intel Mac OS X 10_15_7) AppleWebKit/537.36 (KHTML, like Gecko) Chrome/150.0."",""sessionDurationMs"":1722,""role"":""admin"",""displayName"":""Owner""}","Platform: MacIntel, Screen: 1512x982@2, UA: Mozilla/5.0 (Macintosh; Intel Mac OS X 10_15_7) AppleWebKit/537.36 (KHTML, like Gecko) Chrome/150.0.",,2026-07-21T08:46:40.403Z
7597,,admin,logout,logout,User logged out,"{""sessionId"":""s-1784623588616-k6c71"",""url"":""https://nice-bay-0191cb900.7.azurestaticapps.net/day/2026-07-21"",""device"":""Platform: MacIntel, Screen: 1512x982@2, UA: Mozilla/5.0 (Macintosh; Intel Mac OS X 10_15_7) AppleWebKit/537.36 (KHTML, like Gecko) Chrome/150.0."",""sessionDurationMs"":1722,""role"":""admin"",""displayName"":""Owner""}","Platform: MacIntel, Screen: 1512x982@2, UA: Mozilla/5.0 (Macintosh; Intel Mac OS X 10_15_7) AppleWebKit/537.36 (KHTML, like Gecko) Chrome/150.0.",,2026-07-21T08:46:40.417Z
7598,,admin,logout,logout,User logged out,"{""sessionId"":""s-1784623588616-k6c71"",""url"":""https://nice-bay-0191cb900.7.azurestaticapps.net/day/2026-07-21"",""device"":""Platform: MacIntel, Screen: 1512x982@2, UA: Mozilla/5.0 (Macintosh; Intel Mac OS X 10_15_7) AppleWebKit/537.36 (KHTML, like Gecko) Chrome/150.0."",""sessionDurationMs"":1722,""role"":""admin"",""displayName"":""Owner""}","Platform: MacIntel, Screen: 1512x982@2, UA: Mozilla/5.0 (Macintosh; Intel Mac OS X 10_15_7) AppleWebKit/537.36 (KHTML, like Gecko) Chrome/150.0.",,2026-07-21T08:46:40.430Z
7599,,admin,logout,logout,User logged out,"{""sessionId"":""s-1784623588616-k6c71"",""url"":""https://nice-bay-0191cb900.7.azurestaticapps.net/day/2026-07-21"",""device"":""Platform: MacIntel, Screen: 1512x982@2, UA: Mozilla/5.0 (Macintosh; Intel Mac OS X 10_15_7) AppleWebKit/537.36 (KHTML, like Gecko) Chrome/150.0."",""sessionDurationMs"":1722,""role"":""admin"",""displayName"":""Owner""}","Platform: MacIntel, Screen: 1512x982@2, UA: Mozilla/5.0 (Macintosh; Intel Mac OS X 10_15_7) AppleWebKit/537.36 (KHTML, like Gecko) Chrome/150.0.",,2026-07-21T08:47:32.210Z
7600,,staff,login,login,User logged in,"{""sessionId"":""s-1784623604309-ylcvl"",""url"":""https://nice-bay-0191cb900.7.azurestaticapps.net/login"",""device"":""Platform: MacIntel, Screen: 1512x982@2, UA: Mozilla/5.0 (Macintosh; Intel Mac OS X 10_15_7) AppleWebKit/537.36 (KHTML, like Gecko) Chrome/150.0."",""role"":""staff"",""displayName"":""Cart Staff""}","Platform: MacIntel, Screen: 1512x982@2, UA: Mozilla/5.0 (Macintosh; Intel Mac OS X 10_15_7) AppleWebKit/537.36 (KHTML, like Gecko) Chrome/150.0.",,2026-07-21T08:47:32.307Z
7601,,staff,page_view,closing_stock,Opened closing stock for 2026-07-20,"{""sessionId"":""s-1784623604309-ylcvl"",""url"":""https://nice-bay-0191cb900.7.azurestaticapps.net/day/2026-07-20/closing""}","Platform: MacIntel, Screen: 1512x982@2, UA: Mozilla/5.0 (Macintosh; Intel Mac OS X 10_15_7) AppleWebKit/537.36 (KHTML, like Gecko) Chrome/150.0.",,2026-07-21T08:47:32.400Z
7602,,staff,closing_stock_submit,closing_stock,Closing stock submitted for 2026-07-20,"{""sessionId"":""s-1784623604309-ylcvl"",""conflictCount"":0,""totalPackets"":1,""itemCount"":3}","Platform: MacIntel, Screen: 1512x982@2, UA: Mozilla/5.0 (Macintosh; Intel Mac OS X 10_15_7) AppleWebKit/537.36 (KHTML, like Gecko) Chrome/150.0.",,2026-07-21T08:47:32.500Z
7603,,staff,page_view,supply_verification,Opened supply verification for 2026-07-21,"{""sessionId"":""s-1784623604309-ylcvl"",""url"":""https://nice-bay-0191cb900.7.azurestaticapps.net/day/2026-07-21/verify""}","Platform: MacIntel, Screen: 1512x982@2, UA: Mozilla/5.0 (Macintosh; Intel Mac OS X 10_15_7) AppleWebKit/537.36 (KHTML, like Gecko) Chrome/150.0.",,2026-07-21T08:49:41.057Z
7604,,staff,action_start,supply_verification,Started: verification_flow,"{""sessionId"":""s-1784623604309-ylcvl"",""actionId"":""1784623658653-05o6jtf"",""date"":""2026-07-21""}","Platform: MacIntel, Screen: 1512x982@2, UA: Mozilla/5.0 (Macintosh; Intel Mac OS X 10_15_7) AppleWebKit/537.36 (KHTML, like Gecko) Chrome/150.0.",,2026-07-21T08:49:41.150Z
7605,,staff,action_end,supply_verification,Completed: verification_flow,"{""sessionId"":""s-1784623604309-ylcvl"",""actionId"":""1784623658653-05o6jtf""}","Platform: MacIntel, Screen: 1512x982@2, UA: Mozilla/5.0 (Macintosh; Intel Mac OS X 10_15_7) AppleWebKit/537.36 (KHTML, like Gecko) Chrome/150.0.",3248,2026-07-21T08:49:41.240Z
