id,order_date,operation_type,created_by,created_at,details,metadata
828,2026-07-18T00:00:00.000Z,login,1,2026-07-18T11:58:22.142Z,Login: staff (Cart Staff),"{""userId"":1,""role"":""staff"",""displayName"":""Cart Staff""}"
829,2026-07-18T00:00:00.000Z,verification,1,2026-07-18T12:00:36.515Z,"Verified 4 items, 1 conflict","{""orderDate"":""2026-07-18"",""itemCount"":4,""conflictCount"":1,""allMatch"":false}"
830,2026-07-18T00:00:00.000Z,order_create,1,2026-07-18T12:03:00.406Z,"Order #1784376179654 created: 18 items, ₹327.00, cash","{""orderId"":1784376179654,""itemCount"":18,""totalAmount"":327,""paymentMethod"":""cash"",""orderType"":""pack""}"
831,2026-07-18T00:00:00.000Z,expense_save,1,2026-07-18T12:11:25.744Z,"Saved 3 expense(s), total ₹1310.00","{""orderDate"":""2026-07-18"",""itemCount"":3,""totalAmount"":1310,""items"":[{""description"":""Water"",""amount"":40},{""description"":""Weld"",""amount"":1000},{""description"":""Dhoop"",""amount"":270}]}"
832,2026-07-18T00:00:00.000Z,login,1,2026-07-18T12:21:10.628Z,Login: staff (Cart Staff),"{""userId"":1,""role"":""staff"",""displayName"":""Cart Staff""}"
833,2026-07-18T00:00:00.000Z,order_create,1,2026-07-18T12:21:32.927Z,"Order #1784377292241 created: 3 items, ₹60.00, cash","{""orderId"":1784377292241,""itemCount"":3,""totalAmount"":60,""paymentMethod"":""cash"",""orderType"":""pack""}"
834,2026-07-18T00:00:00.000Z,order_create,1,2026-07-18T12:21:40.177Z,"Order #1784377299625 created: 3 items, ₹50.00, cash","{""orderId"":1784377299625,""itemCount"":3,""totalAmount"":50,""paymentMethod"":""cash"",""orderType"":""pack""}"
835,2026-07-18T00:00:00.000Z,order_complete,1,2026-07-18T12:21:42.130Z,Order #1784376179654 completed: cash,"{""orderId"":1784376179654,""paymentMethod"":""cash"",""cashAmount"":0,""upiAmount"":0,""totalAmount"":327}"
836,2026-07-18T00:00:00.000Z,order_complete,1,2026-07-18T12:21:43.178Z,Order #1784377292241 completed: cash,"{""orderId"":1784377292241,""paymentMethod"":""cash"",""cashAmount"":0,""upiAmount"":0,""totalAmount"":60}"
837,2026-07-18T00:00:00.000Z,order_complete,1,2026-07-18T12:21:44.020Z,Order #1784377299625 completed: cash,"{""orderId"":1784377299625,""paymentMethod"":""cash"",""cashAmount"":0,""upiAmount"":0,""totalAmount"":50}"
838,2026-07-18T00:00:00.000Z,order_create,1,2026-07-18T12:29:27.698Z,"Order #1784377767061 created: 6 items, ₹89.00, cash","{""orderId"":1784377767061,""itemCount"":6,""totalAmount"":89,""paymentMethod"":""cash"",""orderType"":""pack""}"
839,2026-07-18T00:00:00.000Z,order_create,1,2026-07-18T12:29:42.498Z,"Order #1784377781863 created: 12 items, ₹308.00, pending","{""orderId"":1784377781863,""itemCount"":12,""totalAmount"":308,""paymentMethod"":""pending"",""orderType"":""pack""}"
840,2026-07-18T00:00:00.000Z,login,1,2026-07-18T12:32:25.804Z,Login: staff (Cart Staff),"{""userId"":1,""role"":""staff"",""displayName"":""Cart Staff""}"
841,2026-07-18T00:00:00.000Z,order_create,1,2026-07-18T12:52:17.179Z,"Order #1784379136482 created: 12 items, ₹198.00, upi","{""orderId"":1784379136482,""itemCount"":12,""totalAmount"":198,""paymentMethod"":""upi"",""orderType"":""pack""}"
842,2026-07-18T00:00:00.000Z,order_complete,1,2026-07-18T12:52:20.535Z,Order #1784377767061 completed: cash,"{""orderId"":1784377767061,""paymentMethod"":""cash"",""cashAmount"":0,""upiAmount"":0,""totalAmount"":89}"
843,2026-07-18T00:00:00.000Z,order_complete,1,2026-07-18T12:52:24.459Z,Order #1784379136482 completed: upi,"{""orderId"":1784379136482,""paymentMethod"":""upi"",""cashAmount"":0,""upiAmount"":0,""totalAmount"":198}"
844,2026-07-18T00:00:00.000Z,order_complete,1,2026-07-18T12:56:41.606Z,Order #1784377781863 completed: upi,"{""orderId"":1784377781863,""paymentMethod"":""upi"",""cashAmount"":0,""upiAmount"":308,""totalAmount"":308}"
845,2026-07-19T00:00:00.000Z,login,2,2026-07-18T13:00:51.668Z,Login: admin (Owner),"{""userId"":2,""role"":""admin"",""displayName"":""Owner""}"
846,2026-07-19T00:00:00.000Z,login,1,2026-07-18T13:03:11.861Z,Login: staff (Cart Staff),"{""userId"":1,""role"":""staff"",""displayName"":""Cart Staff""}"
847,2026-07-17T00:00:00.000Z,order_create,1,2026-07-18T13:03:35.064Z,"Order #1784379814411 created: 12 items, ₹258.00, cash","{""orderId"":1784379814411,""itemCount"":12,""totalAmount"":258,""paymentMethod"":""cash"",""orderType"":""pack""}"
848,2026-07-17T00:00:00.000Z,order_create,1,2026-07-18T13:04:34.925Z,"Order #1784379873038 created: 12 items, ₹198.00, upi","{""orderId"":1784379873038,""itemCount"":12,""totalAmount"":198,""paymentMethod"":""upi"",""orderType"":""pack""}"
849,2026-07-17T00:00:00.000Z,order_create,1,2026-07-18T13:04:49.094Z,"Order #1784379888523 created: 6 items, ₹109.00, cash","{""orderId"":1784379888523,""itemCount"":6,""totalAmount"":109,""paymentMethod"":""cash"",""orderType"":""pack""}"
850,2026-07-17T00:00:00.000Z,order_complete,1,2026-07-18T13:06:55.529Z,Order #1784379873038 completed: upi,"{""orderId"":1784379873038,""paymentMethod"":""upi"",""cashAmount"":0,""upiAmount"":0,""totalAmount"":198}"
851,2026-07-17T00:00:00.000Z,order_complete,1,2026-07-18T13:06:56.669Z,Order #1784379888523 completed: cash,"{""orderId"":1784379888523,""paymentMethod"":""cash"",""cashAmount"":0,""upiAmount"":0,""totalAmount"":109}"
852,2026-07-17T00:00:00.000Z,order_complete,1,2026-07-18T13:06:58.171Z,Order #1784379814411 completed: cash,"{""orderId"":1784379814411,""paymentMethod"":""cash"",""cashAmount"":0,""upiAmount"":0,""totalAmount"":258}"
853,2026-07-18T00:00:00.000Z,order_create,1,2026-07-18T13:07:16.693Z,"Order #1784380036020 created: 12 items, ₹198.00, upi","{""orderId"":1784380036020,""itemCount"":12,""totalAmount"":198,""paymentMethod"":""upi"",""orderType"":""pack""}"
854,2026-07-18T00:00:00.000Z,order_create,1,2026-07-18T13:07:41.043Z,"Order #1784380060363 created: 12 items, ₹258.00, cash","{""orderId"":1784380060363,""itemCount"":12,""totalAmount"":258,""paymentMethod"":""cash"",""orderType"":""pack""}"
855,2026-07-18T00:00:00.000Z,order_create,1,2026-07-18T13:07:49.483Z,"Order #1784380068902 created: 6 items, ₹109.00, cash","{""orderId"":1784380068902,""itemCount"":6,""totalAmount"":109,""paymentMethod"":""cash"",""orderType"":""pack""}"
856,2026-07-18T00:00:00.000Z,order_complete,1,2026-07-18T13:07:53.455Z,Order #1784380068902 completed: cash,"{""orderId"":1784380068902,""paymentMethod"":""cash"",""cashAmount"":0,""upiAmount"":0,""totalAmount"":109}"
857,2026-07-18T00:00:00.000Z,order_complete,1,2026-07-18T13:07:54.399Z,Order #1784380036020 completed: upi,"{""orderId"":1784380036020,""paymentMethod"":""upi"",""cashAmount"":0,""upiAmount"":0,""totalAmount"":198}"
858,2026-07-18T00:00:00.000Z,order_complete,1,2026-07-18T13:07:55.255Z,Order #1784380060363 completed: cash,"{""orderId"":1784380060363,""paymentMethod"":""cash"",""cashAmount"":0,""upiAmount"":0,""totalAmount"":258}"
859,2026-07-18T00:00:00.000Z,order_create,1,2026-07-18T13:12:35.075Z,"Order #1784380353340 created: 6 items, ₹89.00, cash","{""orderId"":1784380353340,""itemCount"":6,""totalAmount"":89,""paymentMethod"":""cash"",""orderType"":""dine""}"
860,2026-07-18T00:00:00.000Z,order_complete,1,2026-07-18T13:13:50.644Z,Order #1784380353340 completed: cash,"{""orderId"":1784380353340,""paymentMethod"":""cash"",""cashAmount"":0,""upiAmount"":0,""totalAmount"":89}"
861,2026-07-18T00:00:00.000Z,expense_save,1,2026-07-18T13:15:14.360Z,"Saved 4 expense(s), total ₹1710.00","{""orderDate"":""2026-07-18"",""itemCount"":4,""totalAmount"":1710,""items"":[{""description"":""Water"",""amount"":40},{""description"":""Weld"",""amount"":1000},{""description"":""Dhoop"",""amount"":270},{""description"":""Electrician"",""amount"":400}]}"
862,2026-07-18T00:00:00.000Z,order_create,1,2026-07-18T13:22:24.633Z,"Order #1784380943923 created: 6 items, ₹139.00, upi","{""orderId"":1784380943923,""itemCount"":6,""totalAmount"":139,""paymentMethod"":""upi"",""orderType"":""pack""}"
863,2026-07-18T00:00:00.000Z,order_create,1,2026-07-18T13:24:38.381Z,"Order #1784381077714 created: 6 items, ₹89.00, upi","{""orderId"":1784381077714,""itemCount"":6,""totalAmount"":89,""paymentMethod"":""upi"",""orderType"":""pack""}"
864,2026-07-18T00:00:00.000Z,order_complete,1,2026-07-18T13:24:58.354Z,Order #1784381077714 completed: upi,"{""orderId"":1784381077714,""paymentMethod"":""upi"",""cashAmount"":0,""upiAmount"":0,""totalAmount"":89}"
865,2026-07-18T00:00:00.000Z,order_create,1,2026-07-18T13:27:08.846Z,"Order #1784381228256 created: 3 items, ₹80.00, upi","{""orderId"":1784381228256,""itemCount"":3,""totalAmount"":80,""paymentMethod"":""upi"",""orderType"":""dine""}"
866,2026-07-18T00:00:00.000Z,order_complete,1,2026-07-18T13:29:59.045Z,Order #1784381228256 completed: upi,"{""orderId"":1784381228256,""paymentMethod"":""upi"",""cashAmount"":0,""upiAmount"":0,""totalAmount"":80}"
867,2026-07-18T00:00:00.000Z,order_complete,1,2026-07-18T13:30:06.601Z,Order #1784380943923 completed: upi,"{""orderId"":1784380943923,""paymentMethod"":""upi"",""cashAmount"":0,""upiAmount"":0,""totalAmount"":139}"
868,2026-07-18T00:00:00.000Z,order_create,1,2026-07-18T13:34:30.366Z,"Order #1784381669617 created: 12 items, ₹278.00, upi","{""orderId"":1784381669617,""itemCount"":12,""totalAmount"":278,""paymentMethod"":""upi"",""orderType"":""pack""}"
869,2026-07-18T00:00:00.000Z,order_create,1,2026-07-18T13:40:30.803Z,"Order #1784382030085 created: 3 items, ₹50.00, upi","{""orderId"":1784382030085,""itemCount"":3,""totalAmount"":50,""paymentMethod"":""upi"",""orderType"":""dine""}"
870,2026-07-18T00:00:00.000Z,order_create,1,2026-07-18T13:40:37.140Z,"Order #1784382036474 created: 6 items, ₹89.00, upi","{""orderId"":1784382036474,""itemCount"":6,""totalAmount"":89,""paymentMethod"":""upi"",""orderType"":""pack""}"
871,2026-07-18T00:00:00.000Z,order_complete,1,2026-07-18T13:40:40.227Z,Order #1784381669617 completed: upi,"{""orderId"":1784381669617,""paymentMethod"":""upi"",""cashAmount"":0,""upiAmount"":0,""totalAmount"":278}"
872,2026-07-18T00:00:00.000Z,order_complete,1,2026-07-18T13:40:42.084Z,Order #1784382036474 completed: upi,"{""orderId"":1784382036474,""paymentMethod"":""upi"",""cashAmount"":0,""upiAmount"":0,""totalAmount"":89}"
873,2026-07-18T00:00:00.000Z,order_complete,1,2026-07-18T13:40:46.577Z,Order #1784382030085 completed: upi,"{""orderId"":1784382030085,""paymentMethod"":""upi"",""cashAmount"":0,""upiAmount"":0,""totalAmount"":50}"
874,2026-07-18T00:00:00.000Z,order_create,1,2026-07-18T13:42:01.602Z,"Order #1784382120865 created: 3 items, ₹60.00, pending","{""orderId"":1784382120865,""itemCount"":3,""totalAmount"":60,""paymentMethod"":""pending"",""orderType"":""dine""}"
875,2026-07-18T00:00:00.000Z,order_create,1,2026-07-18T13:56:13.387Z,"Order #1784382972774 created: 6 items, ₹139.00, upi","{""orderId"":1784382972774,""itemCount"":6,""totalAmount"":139,""paymentMethod"":""upi"",""orderType"":""dine""}"
876,2026-07-18T00:00:00.000Z,order_create,1,2026-07-18T13:59:45.714Z,"Order #1784383185122 created: 6 items, ₹149.00, upi","{""orderId"":1784383185122,""itemCount"":6,""totalAmount"":149,""paymentMethod"":""upi"",""orderType"":""pack""}"
877,2026-07-18T00:00:00.000Z,order_create,1,2026-07-18T14:01:01.590Z,"Order #1784383260872 created: 6 items, ₹169.00, upi","{""orderId"":1784383260872,""itemCount"":6,""totalAmount"":169,""paymentMethod"":""upi"",""orderType"":""dine""}"
878,2026-07-18T00:00:00.000Z,order_complete,1,2026-07-18T14:01:09.689Z,Order #1784383260872 completed: upi,"{""orderId"":1784383260872,""paymentMethod"":""upi"",""cashAmount"":0,""upiAmount"":0,""totalAmount"":169}"
879,2026-07-18T00:00:00.000Z,order_complete,1,2026-07-18T14:01:19.518Z,Order #1784382120865 completed: upi,"{""orderId"":1784382120865,""paymentMethod"":""upi"",""cashAmount"":0,""upiAmount"":60,""totalAmount"":60}"
880,2026-07-18T00:00:00.000Z,order_complete,1,2026-07-18T14:01:30.102Z,Order #1784382972774 completed: upi,"{""orderId"":1784382972774,""paymentMethod"":""upi"",""cashAmount"":0,""upiAmount"":0,""totalAmount"":139}"
881,2026-07-18T00:00:00.000Z,order_update,1,2026-07-18T14:02:32.315Z,"Order #1784383185122 updated: 6 items, ₹149.00, upi","{""orderId"":1784383185122,""itemCount"":6,""totalAmount"":149,""paymentMethod"":""upi"",""orderType"":""pack""}"
882,2026-07-18T00:00:00.000Z,order_create,1,2026-07-18T14:04:33.564Z,"Order #1784383471936 created: 6 items, ₹149.00, upi","{""orderId"":1784383471936,""itemCount"":6,""totalAmount"":149,""paymentMethod"":""upi"",""orderType"":""pack""}"
883,2026-07-18T00:00:00.000Z,order_create,1,2026-07-18T14:06:30.659Z,"Order #1784383590102 created: 6 items, ₹139.00, upi","{""orderId"":1784383590102,""itemCount"":6,""totalAmount"":139,""paymentMethod"":""upi"",""orderType"":""dine""}"
884,2026-07-18T00:00:00.000Z,order_complete,1,2026-07-18T14:11:35.001Z,Order #1784383185122 completed: upi,"{""orderId"":1784383185122,""paymentMethod"":""upi"",""cashAmount"":0,""upiAmount"":0,""totalAmount"":149}"
885,2026-07-18T00:00:00.000Z,order_create,1,2026-07-18T14:15:27.321Z,"Order #1784384125475 created: 12 items, ₹298.00, upi","{""orderId"":1784384125475,""itemCount"":12,""totalAmount"":298,""paymentMethod"":""upi"",""orderType"":""dine""}"
886,2026-07-18T00:00:00.000Z,order_complete,1,2026-07-18T14:16:14.915Z,Order #1784384125475 completed: upi,"{""orderId"":1784384125475,""paymentMethod"":""upi"",""cashAmount"":0,""upiAmount"":0,""totalAmount"":298}"
887,2026-07-18T00:00:00.000Z,order_complete,1,2026-07-18T14:16:18.589Z,Order #1784383590102 completed: upi,"{""orderId"":1784383590102,""paymentMethod"":""upi"",""cashAmount"":0,""upiAmount"":0,""totalAmount"":139}"
888,2026-07-18T00:00:00.000Z,order_create,1,2026-07-18T14:17:04.992Z,"Order #1784384221003 created: 6 items, ₹109.00, upi","{""orderId"":1784384221003,""itemCount"":6,""totalAmount"":109,""paymentMethod"":""upi"",""orderType"":""dine""}"
889,2026-07-18T00:00:00.000Z,order_complete,1,2026-07-18T14:18:51.158Z,Order #1784383471936 completed: upi,"{""orderId"":1784383471936,""paymentMethod"":""upi"",""cashAmount"":0,""upiAmount"":0,""totalAmount"":149}"
890,2026-07-18T00:00:00.000Z,order_create,1,2026-07-18T14:27:00.768Z,"Order #1784384819077 created: 6 items, ₹89.00, upi","{""orderId"":1784384819077,""itemCount"":6,""totalAmount"":89,""paymentMethod"":""upi"",""orderType"":""dine""}"
891,2026-07-18T00:00:00.000Z,order_create,1,2026-07-18T14:28:43.109Z,"Order #1784384922550 created: 3 items, ₹60.00, cash","{""orderId"":1784384922550,""itemCount"":3,""totalAmount"":60,""paymentMethod"":""cash"",""orderType"":""dine""}"
892,2026-07-18T00:00:00.000Z,order_update,1,2026-07-18T14:30:27.814Z,"Order #1784384922550 updated: 9 items, ₹149.00, cash","{""orderId"":1784384922550,""itemCount"":9,""totalAmount"":149,""paymentMethod"":""cash"",""orderType"":""dine""}"
893,2026-07-18T00:00:00.000Z,order_create,1,2026-07-18T14:32:33.481Z,"Order #1784385151725 created: 12 items, ₹198.00, upi","{""orderId"":1784385151725,""itemCount"":12,""totalAmount"":198,""paymentMethod"":""upi"",""orderType"":""pack""}"
894,2026-07-18T00:00:00.000Z,order_complete,1,2026-07-18T14:34:02.746Z,Order #1784385151725 completed: upi,"{""orderId"":1784385151725,""paymentMethod"":""upi"",""cashAmount"":0,""upiAmount"":0,""totalAmount"":198}"
895,2026-07-18T00:00:00.000Z,order_complete,1,2026-07-18T14:34:12.943Z,Order #1784384922550 completed: cash,"{""orderId"":1784384922550,""paymentMethod"":""cash"",""cashAmount"":0,""upiAmount"":0,""totalAmount"":149}"
896,2026-07-18T00:00:00.000Z,order_complete,1,2026-07-18T14:34:47.932Z,Order #1784384819077 completed: upi,"{""orderId"":1784384819077,""paymentMethod"":""upi"",""cashAmount"":0,""upiAmount"":0,""totalAmount"":89}"
897,2026-07-18T00:00:00.000Z,order_complete,1,2026-07-18T14:34:50.562Z,Order #1784384221003 completed: upi,"{""orderId"":1784384221003,""paymentMethod"":""upi"",""cashAmount"":0,""upiAmount"":0,""totalAmount"":109}"
898,2026-07-18T00:00:00.000Z,order_create,1,2026-07-18T14:35:35.295Z,"Order #1784385334693 created: 6 items, ₹89.00, upi","{""orderId"":1784385334693,""itemCount"":6,""totalAmount"":89,""paymentMethod"":""upi"",""orderType"":""dine""}"
899,2026-07-18T00:00:00.000Z,order_update,1,2026-07-18T14:36:01.116Z,"Order #1784385334693 updated: 6 items, ₹111.00, upi","{""orderId"":1784385334693,""itemCount"":6,""totalAmount"":111,""paymentMethod"":""upi"",""orderType"":""dine""}"
900,2026-07-18T00:00:00.000Z,order_complete,1,2026-07-18T14:36:01.830Z,Order #1784385334693 completed: upi,"{""orderId"":1784385334693,""paymentMethod"":""upi"",""cashAmount"":0,""upiAmount"":0,""totalAmount"":111}"
901,2026-07-18T00:00:00.000Z,order_create,1,2026-07-18T14:41:39.500Z,"Order #1784385697738 created: 6 items, ₹109.00, cash","{""orderId"":1784385697738,""itemCount"":6,""totalAmount"":109,""paymentMethod"":""cash"",""orderType"":""pack""}"
902,2026-07-18T00:00:00.000Z,order_create,1,2026-07-18T14:47:10.762Z,"Order #1784386030208 created: 6 items, ₹109.00, upi","{""orderId"":1784386030208,""itemCount"":6,""totalAmount"":109,""paymentMethod"":""upi"",""orderType"":""pack""}"
903,2026-07-18T00:00:00.000Z,order_complete,1,2026-07-18T14:47:26.812Z,Order #1784385697738 completed: cash,"{""orderId"":1784385697738,""paymentMethod"":""cash"",""cashAmount"":0,""upiAmount"":0,""totalAmount"":109}"
904,2026-07-18T00:00:00.000Z,order_complete,1,2026-07-18T14:47:30.072Z,Order #1784386030208 completed: upi,"{""orderId"":1784386030208,""paymentMethod"":""upi"",""cashAmount"":0,""upiAmount"":0,""totalAmount"":109}"
905,2026-07-18T00:00:00.000Z,order_create,1,2026-07-18T14:47:44.654Z,"Order #1784386064017 created: 12 items, ₹198.00, upi","{""orderId"":1784386064017,""itemCount"":12,""totalAmount"":198,""paymentMethod"":""upi"",""orderType"":""pack""}"
906,2026-07-18T00:00:00.000Z,order_create,1,2026-07-18T15:02:05.533Z,"Order #1784386923639 created: 12 items, ₹268.00, pending","{""orderId"":1784386923639,""itemCount"":12,""totalAmount"":268,""paymentMethod"":""pending"",""orderType"":""pack""}"
907,2026-07-18T00:00:00.000Z,order_create,1,2026-07-18T15:02:13.783Z,"Order #1784386933024 created: 6 items, ₹110.00, pending","{""orderId"":1784386933024,""itemCount"":6,""totalAmount"":110,""paymentMethod"":""pending"",""orderType"":""dine""}"
908,2026-07-18T00:00:00.000Z,order_create,1,2026-07-18T15:02:33.317Z,"Order #1784386952616 created: 6 items, ₹132.00, pending","{""orderId"":1784386952616,""itemCount"":6,""totalAmount"":132,""paymentMethod"":""pending"",""orderType"":""dine""}"
909,2026-07-18T00:00:00.000Z,order_complete,1,2026-07-18T15:03:28.082Z,Order #1784386933024 completed: upi,"{""orderId"":1784386933024,""paymentMethod"":""upi"",""cashAmount"":0,""upiAmount"":110,""totalAmount"":110}"
910,2026-07-18T00:00:00.000Z,order_complete,1,2026-07-18T15:06:39.752Z,Order #1784386952616 completed: cash,"{""orderId"":1784386952616,""paymentMethod"":""cash"",""cashAmount"":132,""upiAmount"":0,""totalAmount"":132}"
911,2026-07-18T00:00:00.000Z,order_complete,1,2026-07-18T15:07:07.960Z,Order #1784386064017 completed: upi,"{""orderId"":1784386064017,""paymentMethod"":""upi"",""cashAmount"":0,""upiAmount"":0,""totalAmount"":198}"
912,2026-07-18T00:00:00.000Z,order_create,1,2026-07-18T15:09:14.424Z,"Order #1784387353813 created: 6 items, ₹109.00, cash","{""orderId"":1784387353813,""itemCount"":6,""totalAmount"":109,""paymentMethod"":""cash"",""orderType"":""dine""}"
913,2026-07-18T00:00:00.000Z,order_create,1,2026-07-18T15:10:40.696Z,"Order #1784387440139 created: 6 items, ₹129.00, pending","{""orderId"":1784387440139,""itemCount"":6,""totalAmount"":129,""paymentMethod"":""pending"",""orderType"":""dine""}"
914,2026-07-18T00:00:00.000Z,order_update,1,2026-07-18T15:10:48.064Z,"Order #1784387353813 updated: 6 items, ₹109.00, pending","{""orderId"":1784387353813,""itemCount"":6,""totalAmount"":109,""paymentMethod"":""pending"",""orderType"":""dine""}"
915,2026-07-18T00:00:00.000Z,order_create,1,2026-07-18T15:14:48.338Z,"Order #1784387687714 created: 6 items, ₹109.00, upi","{""orderId"":1784387687714,""itemCount"":6,""totalAmount"":109,""paymentMethod"":""upi"",""orderType"":""dine""}"
916,2026-07-18T00:00:00.000Z,order_update,1,2026-07-18T15:14:56.414Z,"Order #1784387687714 updated: 6 items, ₹109.00, pending","{""orderId"":1784387687714,""itemCount"":6,""totalAmount"":109,""paymentMethod"":""pending"",""orderType"":""dine""}"
917,2026-07-18T00:00:00.000Z,order_complete,1,2026-07-18T15:16:27.793Z,Order #1784387687714 completed: cash,"{""orderId"":1784387687714,""paymentMethod"":""cash"",""cashAmount"":109,""upiAmount"":0,""totalAmount"":109}"
918,2026-07-18T00:00:00.000Z,order_complete,1,2026-07-18T15:16:36.282Z,Order #1784387353813 completed: upi,"{""orderId"":1784387353813,""paymentMethod"":""upi"",""cashAmount"":0,""upiAmount"":109,""totalAmount"":109}"
919,2026-07-18T00:00:00.000Z,order_create,1,2026-07-18T15:19:51.962Z,"Order #1784387991402 created: 3 items, ₹60.00, upi","{""orderId"":1784387991402,""itemCount"":3,""totalAmount"":60,""paymentMethod"":""upi"",""orderType"":""pack""}"
920,2026-07-18T00:00:00.000Z,order_complete,1,2026-07-18T15:20:33.605Z,Order #1784386923639 completed: upi,"{""orderId"":1784386923639,""paymentMethod"":""upi"",""cashAmount"":0,""upiAmount"":268,""totalAmount"":268}"
921,2026-07-18T00:00:00.000Z,order_complete,1,2026-07-18T15:23:03.389Z,Order #1784387991402 completed: upi,"{""orderId"":1784387991402,""paymentMethod"":""upi"",""cashAmount"":0,""upiAmount"":0,""totalAmount"":60}"
922,2026-07-18T00:00:00.000Z,order_complete,1,2026-07-18T15:23:08.431Z,Order #1784387440139 completed: upi,"{""orderId"":1784387440139,""paymentMethod"":""upi"",""cashAmount"":0,""upiAmount"":129,""totalAmount"":129}"
923,2026-07-18T00:00:00.000Z,order_create,1,2026-07-18T15:23:38.954Z,"Order #1784388218197 created: 6 items, ₹139.00, upi","{""orderId"":1784388218197,""itemCount"":6,""totalAmount"":139,""paymentMethod"":""upi"",""orderType"":""pack""}"
924,2026-07-18T00:00:00.000Z,order_create,1,2026-07-18T15:26:39.598Z,"Order #1784388398947 created: 12 items, ₹198.00, upi","{""orderId"":1784388398947,""itemCount"":12,""totalAmount"":198,""paymentMethod"":""upi"",""orderType"":""pack""}"
925,2026-07-18T00:00:00.000Z,order_create,1,2026-07-18T15:34:50.902Z,"Order #1784388890386 created: 6 items, ₹109.00, upi","{""orderId"":1784388890386,""itemCount"":6,""totalAmount"":109,""paymentMethod"":""upi"",""orderType"":""dine""}"
926,2026-07-18T00:00:00.000Z,order_complete,1,2026-07-18T15:35:04.308Z,Order #1784388890386 completed: upi,"{""orderId"":1784388890386,""paymentMethod"":""upi"",""cashAmount"":0,""upiAmount"":0,""totalAmount"":109}"
927,2026-07-18T00:00:00.000Z,order_create,1,2026-07-18T15:35:18.337Z,"Order #1784388917774 created: 18 items, ₹267.00, cash","{""orderId"":1784388917774,""itemCount"":18,""totalAmount"":267,""paymentMethod"":""cash"",""orderType"":""pack""}"
928,2026-07-18T00:00:00.000Z,order_create,1,2026-07-18T15:35:43.003Z,"Order #1784388942487 created: 3 items, ₹60.00, pending","{""orderId"":1784388942487,""itemCount"":3,""totalAmount"":60,""paymentMethod"":""pending"",""orderType"":""dine""}"
932,2026-07-18T00:00:00.000Z,order_create,1,2026-07-18T15:36:40.877Z,"Order #1784389000320 created: 3 items, ₹50.00, upi","{""orderId"":1784389000320,""itemCount"":3,""totalAmount"":50,""paymentMethod"":""upi"",""orderType"":""dine""}"
935,2026-07-18T00:00:00.000Z,order_create,1,2026-07-18T15:48:22.704Z,"Order #1784389702095 created: 3 items, ₹70.00, pending","{""orderId"":1784389702095,""itemCount"":3,""totalAmount"":70,""paymentMethod"":""pending"",""orderType"":""dine""}"
936,2026-07-18T00:00:00.000Z,order_create,1,2026-07-18T15:48:38.915Z,"Order #1784389718253 created: 6 items, ₹109.00, pending","{""orderId"":1784389718253,""itemCount"":6,""totalAmount"":109,""paymentMethod"":""pending"",""orderType"":""pack""}"
937,2026-07-18T00:00:00.000Z,order_update,1,2026-07-18T15:51:53.982Z,"Order #1784389718253 updated: 6 items, ₹109.00, cash","{""orderId"":1784389718253,""itemCount"":6,""totalAmount"":109,""paymentMethod"":""cash"",""orderType"":""pack""}"
939,2026-07-18T00:00:00.000Z,order_create,1,2026-07-18T15:52:09.492Z,"Order #1784389928921 created: 6 items, ₹109.00, cash","{""orderId"":1784389928921,""itemCount"":6,""totalAmount"":109,""paymentMethod"":""cash"",""orderType"":""dine""}"
940,2026-07-18T00:00:00.000Z,order_create,1,2026-07-18T15:52:33.891Z,"Order #1784389953322 created: 3 items, ₹60.00, pending","{""orderId"":1784389953322,""itemCount"":3,""totalAmount"":60,""paymentMethod"":""pending"",""orderType"":""dine""}"
944,2026-07-18T00:00:00.000Z,order_create,1,2026-07-18T16:03:28.065Z,"Order #1784390606422 created: 12 items, ₹218.00, pending","{""orderId"":1784390606422,""itemCount"":12,""totalAmount"":218,""paymentMethod"":""pending"",""orderType"":""dine""}"
945,2026-07-18T00:00:00.000Z,order_create,1,2026-07-18T16:03:57.968Z,"Order #1784390637359 created: 6 items, ₹129.00, pending","{""orderId"":1784390637359,""itemCount"":6,""totalAmount"":129,""paymentMethod"":""pending"",""orderType"":""dine""}"
946,2026-07-18T00:00:00.000Z,order_create,1,2026-07-18T16:07:55.146Z,"Order #1784390874592 created: 6 items, ₹109.00, upi","{""orderId"":1784390874592,""itemCount"":6,""totalAmount"":109,""paymentMethod"":""upi"",""orderType"":""dine""}"
949,2026-07-18T00:00:00.000Z,order_create,1,2026-07-18T16:09:14.793Z,"Order #1784390953091 created: 6 items, ₹149.00, cash","{""orderId"":1784390953091,""itemCount"":6,""totalAmount"":149,""paymentMethod"":""cash"",""orderType"":""pack""}"
950,2026-07-18T00:00:00.000Z,order_update,1,2026-07-18T16:10:20.882Z,"Order #1784390606422 updated: 24 items, ₹456.00, pending","{""orderId"":1784390606422,""itemCount"":24,""totalAmount"":456,""paymentMethod"":""pending"",""orderType"":""dine""}"
951,2026-07-18T00:00:00.000Z,order_update,1,2026-07-18T16:11:04.822Z,"Order #1784390606422 updated: 24 items, ₹457.00, pending","{""orderId"":1784390606422,""itemCount"":24,""totalAmount"":457,""paymentMethod"":""pending"",""orderType"":""dine""}"
952,2026-07-18T00:00:00.000Z,order_create,1,2026-07-18T16:11:23.653Z,"Order #1784391083047 created: 6 items, ₹129.00, upi","{""orderId"":1784391083047,""itemCount"":6,""totalAmount"":129,""paymentMethod"":""upi"",""orderType"":""pack""}"
956,2026-07-18T00:00:00.000Z,order_create,1,2026-07-18T16:22:03.205Z,"Order #1784391721468 created: 12 items, ₹288.00, pending","{""orderId"":1784391721468,""itemCount"":12,""totalAmount"":288,""paymentMethod"":""pending"",""orderType"":""pack""}"
958,2026-07-18T00:00:00.000Z,order_create,1,2026-07-18T16:31:16.775Z,"Order #1784392276174 created: 3 items, ₹50.00, cash","{""orderId"":1784392276174,""itemCount"":3,""totalAmount"":50,""paymentMethod"":""cash"",""orderType"":""pack""}"
960,2026-07-18T00:00:00.000Z,order_create,1,2026-07-18T16:31:30.651Z,"Order #1784392290051 created: 6 items, ₹129.00, upi","{""orderId"":1784392290051,""itemCount"":6,""totalAmount"":129,""paymentMethod"":""upi"",""orderType"":""pack""}"
961,2026-07-18T00:00:00.000Z,order_update,1,2026-07-18T16:38:27.363Z,"Order #1784392290051 updated: 6 items, ₹129.00, cash","{""orderId"":1784392290051,""itemCount"":6,""totalAmount"":129,""paymentMethod"":""cash"",""orderType"":""pack""}"
963,2026-07-18T00:00:00.000Z,order_create,1,2026-07-18T16:40:20.257Z,"Order #1784392819669 created: 6 items, ₹139.00, upi","{""orderId"":1784392819669,""itemCount"":6,""totalAmount"":139,""paymentMethod"":""upi"",""orderType"":""pack""}"
965,2026-07-18T00:00:00.000Z,order_create,1,2026-07-18T16:52:27.976Z,"Order #1784393546204 created: 6 items, ₹107.00, upi","{""orderId"":1784393546204,""itemCount"":6,""totalAmount"":107,""paymentMethod"":""upi"",""orderType"":""dine""}"
969,2026-07-18T00:00:00.000Z,order_create,1,2026-07-18T16:56:35.425Z,"Order #1784393793790 created: 6 items, ₹149.00, cash","{""orderId"":1784393793790,""itemCount"":6,""totalAmount"":149,""paymentMethod"":""cash"",""orderType"":""pack""}"
971,2026-07-18T00:00:00.000Z,supply_order,2,2026-07-18T17:02:03.372Z,"Supply order updated for 2026-07-18: 4 items, ₹2292.00","{""supplyOrderId"":18,""orderDate"":""2026-07-18"",""itemCount"":4,""totalQuantity"":16,""totalCost"":2292,""action"":""update""}"
972,2026-07-18T00:00:00.000Z,verification,1,2026-07-18T17:02:16.541Z,"Verified 4 items, all match","{""orderDate"":""2026-07-18"",""itemCount"":4,""conflictCount"":0,""allMatch"":true}"
974,2026-07-18T00:00:00.000Z,order_create,1,2026-07-18T17:12:52.151Z,"Order #1784394770407 created: 4 items, ₹92.00, upi","{""orderId"":1784394770407,""itemCount"":4,""totalAmount"":92,""paymentMethod"":""upi"",""orderType"":""pack""}"
975,2026-07-18T00:00:00.000Z,order_create,1,2026-07-18T17:13:16.858Z,"Order #1784394796304 created: 6 items, ₹109.00, cash","{""orderId"":1784394796304,""itemCount"":6,""totalAmount"":109,""paymentMethod"":""cash"",""orderType"":""dine""}"
981,2026-07-19T00:00:00.000Z,supply_order,2,2026-07-19T06:10:35.006Z,"Supply order updated for 2026-07-19: 6 items, ₹3740.00","{""supplyOrderId"":19,""orderDate"":""2026-07-19"",""itemCount"":6,""totalQuantity"":24,""totalCost"":3740,""action"":""update""}"
983,2026-07-19T00:00:00.000Z,verification,1,2026-07-19T11:50:34.227Z,"Verified 6 items, all match","{""orderDate"":""2026-07-19"",""itemCount"":6,""conflictCount"":0,""allMatch"":true}"
985,2026-07-19T00:00:00.000Z,order_create,1,2026-07-19T12:20:49.955Z,"Order #1784463649324 created: 3 items, ₹50.00, cash","{""orderId"":1784463649324,""itemCount"":3,""totalAmount"":50,""paymentMethod"":""cash"",""orderType"":""pack""}"
986,2026-07-19T00:00:00.000Z,order_create,1,2026-07-19T12:20:57.705Z,"Order #1784463656971 created: 12 items, ₹238.00, upi","{""orderId"":1784463656971,""itemCount"":12,""totalAmount"":238,""paymentMethod"":""upi"",""orderType"":""dine""}"
987,2026-07-19T00:00:00.000Z,order_create,1,2026-07-19T12:26:03.979Z,"Order #1784463963458 created: 6 items, ₹109.00, upi","{""orderId"":1784463963458,""itemCount"":6,""totalAmount"":109,""paymentMethod"":""upi"",""orderType"":""pack""}"
992,2026-07-19T00:00:00.000Z,order_create,1,2026-07-19T12:48:25.999Z,"Order #1784465305389 created: 6 items, ₹89.00, cash","{""orderId"":1784465305389,""itemCount"":6,""totalAmount"":89,""paymentMethod"":""cash"",""orderType"":""pack""}"
994,2026-07-19T00:00:00.000Z,order_create,1,2026-07-19T12:52:49.011Z,"Order #1784465568437 created: 6 items, ₹129.00, pending","{""orderId"":1784465568437,""itemCount"":6,""totalAmount"":129,""paymentMethod"":""pending"",""orderType"":""dine""}"
995,2026-07-19T00:00:00.000Z,order_create,1,2026-07-19T12:52:58.762Z,"Order #1784465578189 created: 6 items, ₹89.00, pending","{""orderId"":1784465578189,""itemCount"":6,""totalAmount"":89,""paymentMethod"":""pending"",""orderType"":""dine""}"
999,2026-07-19T00:00:00.000Z,order_create,1,2026-07-19T13:02:05.929Z,"Order #1784466125249 created: 6 items, ₹129.00, pending","{""orderId"":1784466125249,""itemCount"":6,""totalAmount"":129,""paymentMethod"":""pending"",""orderType"":""dine""}"
1000,2026-07-19T00:00:00.000Z,order_create,1,2026-07-19T13:09:08.277Z,"Order #1784466547683 created: 6 items, ₹109.00, pending","{""orderId"":1784466547683,""itemCount"":6,""totalAmount"":109,""paymentMethod"":""pending"",""orderType"":""dine""}"
1001,2026-07-19T00:00:00.000Z,order_update,1,2026-07-19T13:09:15.005Z,"Order #1784466125249 updated: 18 items, ₹347.00, pending","{""orderId"":1784466125249,""itemCount"":18,""totalAmount"":347,""paymentMethod"":""pending"",""orderType"":""dine""}"
1003,2026-07-19T00:00:00.000Z,order_create,1,2026-07-19T13:18:33.913Z,"Order #1784467113178 created: 6 items, ₹149.00, pending","{""orderId"":1784467113178,""itemCount"":6,""totalAmount"":149,""paymentMethod"":""pending"",""orderType"":""dine""}"
1070,2026-07-20T00:00:00.000Z,verification,1,2026-07-20T17:23:05.566Z,"Verified 4 items, all match","{""orderDate"":""2026-07-20"",""itemCount"":4,""conflictCount"":0,""allMatch"":true}"
1074,2026-07-21T00:00:00.000Z,login,1,2026-07-21T08:46:43.979Z,Login: staff (Cart Staff),"{""userId"":1,""role"":""staff"",""displayName"":""Cart Staff""}"
1075,2026-07-20T00:00:00.000Z,closing_stock,1,2026-07-21T08:47:31.494Z,"Recorded closing stock: 1 packets, 10 pieces","{""orderDate"":""2026-07-20"",""totalPackets"":1,""totalPieces"":10,""totalWastage"":60,""itemCount"":3,""conflictCount"":0,""conflicts"":[]}"
